Reward,Win,Sprint,DateTime,ExperimentName
1830.90045,True,52,2025-05-03 10:41:13.644887,DoubleDQN_1024_CPU
105.45969,False,57,2025-05-03 10:41:13.644887,DoubleDQN_1024_CPU
98.97034,False,42,2025-05-03 10:41:13.644887,DoubleDQN_1024_CPU
1426.77167,True,51,2025-05-03 10:41:13.644887,DoubleDQN_1024_CPU
598.11026,False,78,2025-05-03 10:41:13.644887,DoubleDQN_1024_CPU
1681.76067,True,55,2025-05-03 10:41:13.644887,DoubleDQN_1024_CPU
240.87479,False,53,2025-05-03 10:41:13.644887,DoubleDQN_1024_CPU
74.85918,False,9,2025-05-03 10:41:13.644887,DoubleDQN_1024_CPU
1670.64971,True,55,2025-05-03 10:41:13.644887,DoubleDQN_1024_CPU
1591.99532,True,57,2025-05-03 10:41:13.644887,DoubleDQN_1024_CPU
1793.49916,True,52,2025-05-03 10:41:13.644887,DoubleDQN_1024_CPU
1741.54852,True,54,2025-05-03 10:41:13.644887,DoubleDQN_1024_CPU
163.70745,False,61,2025-05-03 10:41:13.644887,DoubleDQN_1024_CPU
30.49358,False,53,2025-05-03 10:41:13.644887,DoubleDQN_1024_CPU
80.71162,False,90,2025-05-03 10:41:13.644887,DoubleDQN_1024_CPU
181.64638,False,79,2025-05-03 10:41:13.644887,DoubleDQN_1024_CPU
33.00488,False,82,2025-05-03 10:41:13.644887,DoubleDQN_1024_CPU
-215.41278,False,53,2025-05-03 10:41:13.644887,DoubleDQN_1024_CPU
1532.45801,True,74,2025-05-03 10:41:13.644887,DoubleDQN_1024_CPU
1772.49383,True,55,2025-05-03 10:41:13.644887,DoubleDQN_1024_CPU
1359.77949,True,72,2025-05-03 10:41:13.644887,DoubleDQN_1024_CPU
71.79738,False,73,2025-05-03 10:41:13.644887,DoubleDQN_1024_CPU
1658.55588,True,58,2025-05-03 10:41:13.644887,DoubleDQN_1024_CPU
1731.84241,True,54,2025-05-03 10:41:13.644887,DoubleDQN_1024_CPU
-130.81993,False,47,2025-05-03 10:41:13.644887,DoubleDQN_1024_CPU
1765.62258,True,54,2025-05-03 10:41:13.644887,DoubleDQN_1024_CPU
520.33535,False,78,2025-05-03 10:41:13.644887,DoubleDQN_1024_CPU
-83.73966,False,58,2025-05-03 10:41:13.644887,DoubleDQN_1024_CPU
-84.64795,False,46,2025-05-03 10:41:13.644887,DoubleDQN_1024_CPU
1435.31713,True,58,2025-05-03 10:41:13.644887,DoubleDQN_1024_CPU
1402.36826,True,62,2025-05-03 10:41:13.644887,DoubleDQN_1024_CPU
-12.18046,False,50,2025-05-03 10:41:13.644887,DoubleDQN_1024_CPU
1530.80317,True,57,2025-05-03 10:41:13.644887,DoubleDQN_1024_CPU
1357.75695,True,64,2025-05-03 10:41:13.644887,DoubleDQN_1024_CPU
92.73055,False,60,2025-05-03 10:41:13.644887,DoubleDQN_1024_CPU
-119.83123,False,66,2025-05-03 10:41:13.644887,DoubleDQN_1024_CPU
-79.72683,False,69,2025-05-03 10:41:13.644887,DoubleDQN_1024_CPU
1847.93299,True,49,2025-05-03 10:41:13.644887,DoubleDQN_1024_CPU
-139.86858,False,50,2025-05-03 10:41:13.644887,DoubleDQN_1024_CPU
1756.72991,True,54,2025-05-03 10:41:13.644887,DoubleDQN_1024_CPU
1394.19351,True,53,2025-05-03 10:41:13.644887,DoubleDQN_1024_CPU
110.94931,False,57,2025-05-03 10:41:13.644887,DoubleDQN_1024_CPU
1717.07948,True,52,2025-05-03 10:41:13.644887,DoubleDQN_1024_CPU
1609.44185,True,56,2025-05-03 10:41:13.644887,DoubleDQN_1024_CPU
294.11481,False,68,2025-05-03 10:41:13.644887,DoubleDQN_1024_CPU
66.69953,False,55,2025-05-03 10:41:13.644887,DoubleDQN_1024_CPU
1800.97470,True,53,2025-05-03 10:41:13.644887,DoubleDQN_1024_CPU
-48.53335,False,58,2025-05-03 10:41:13.644887,DoubleDQN_1024_CPU
2007.34350,True,49,2025-05-03 10:41:13.644887,DoubleDQN_1024_CPU
781.00749,False,81,2025-05-03 10:41:13.644887,DoubleDQN_1024_CPU
193.79539,False,81,2025-05-03 10:41:13.644887,DoubleDQN_1024_CPU
1564.28682,True,60,2025-05-03 10:41:13.644887,DoubleDQN_1024_CPU
-32.05932,False,47,2025-05-03 10:41:13.644887,DoubleDQN_1024_CPU
1587.25807,True,60,2025-05-03 10:41:13.644887,DoubleDQN_1024_CPU
184.37589,False,88,2025-05-03 10:41:13.644887,DoubleDQN_1024_CPU
618.12501,False,82,2025-05-03 10:41:13.644887,DoubleDQN_1024_CPU
-202.83527,False,51,2025-05-03 10:41:13.644887,DoubleDQN_1024_CPU
1357.65790,True,63,2025-05-03 10:41:13.644887,DoubleDQN_1024_CPU
415.91308,False,81,2025-05-03 10:41:13.644887,DoubleDQN_1024_CPU
1636.73815,True,57,2025-05-03 10:41:13.644887,DoubleDQN_1024_CPU
1373.16414,True,62,2025-05-03 10:41:13.644887,DoubleDQN_1024_CPU
1725.62281,True,55,2025-05-03 10:41:13.644887,DoubleDQN_1024_CPU
1743.83708,True,58,2025-05-03 10:41:13.644887,DoubleDQN_1024_CPU
183.46448,False,55,2025-05-03 10:41:13.644887,DoubleDQN_1024_CPU
1468.79681,True,59,2025-05-03 10:41:13.644887,DoubleDQN_1024_CPU
83.60080,False,53,2025-05-03 10:41:13.644887,DoubleDQN_1024_CPU
6.01584,False,82,2025-05-03 10:41:13.644887,DoubleDQN_1024_CPU
1745.23618,True,53,2025-05-03 10:41:13.644887,DoubleDQN_1024_CPU
805.12346,False,80,2025-05-03 10:41:13.644887,DoubleDQN_1024_CPU
1744.85363,True,56,2025-05-03 10:41:13.644887,DoubleDQN_1024_CPU
197.25861,False,56,2025-05-03 10:41:13.644887,DoubleDQN_1024_CPU
-101.17473,False,47,2025-05-03 10:41:13.644887,DoubleDQN_1024_CPU
1322.18802,True,79,2025-05-03 10:41:13.644887,DoubleDQN_1024_CPU
-7.34329,False,75,2025-05-03 10:41:13.644887,DoubleDQN_1024_CPU
586.36485,False,85,2025-05-03 10:41:13.644887,DoubleDQN_1024_CPU
-101.19759,False,85,2025-05-03 10:41:13.644887,DoubleDQN_1024_CPU
-242.11421,False,69,2025-05-03 10:41:13.644887,DoubleDQN_1024_CPU
1741.49731,True,54,2025-05-03 10:41:13.644887,DoubleDQN_1024_CPU
1597.56073,True,53,2025-05-03 10:41:13.644887,DoubleDQN_1024_CPU
1484.22165,True,59,2025-05-03 10:41:13.644887,DoubleDQN_1024_CPU
77.08165,False,47,2025-05-03 10:41:13.644887,DoubleDQN_1024_CPU
-176.81718,False,58,2025-05-03 10:41:13.644887,DoubleDQN_1024_CPU
-171.25284,False,77,2025-05-03 10:41:13.644887,DoubleDQN_1024_CPU
1873.06316,True,53,2025-05-03 10:41:13.644887,DoubleDQN_1024_CPU
739.56740,False,85,2025-05-03 10:41:13.644887,DoubleDQN_1024_CPU
-124.90363,False,46,2025-05-03 10:41:13.644887,DoubleDQN_1024_CPU
238.53714,False,95,2025-05-03 10:41:13.644887,DoubleDQN_1024_CPU
84.60398,False,51,2025-05-03 10:41:13.644887,DoubleDQN_1024_CPU
-237.40884,False,46,2025-05-03 10:41:13.644887,DoubleDQN_1024_CPU
1635.85467,True,55,2025-05-03 10:41:13.644887,DoubleDQN_1024_CPU
-79.24292,False,60,2025-05-03 10:41:13.644887,DoubleDQN_1024_CPU
1703.34385,True,55,2025-05-03 10:41:13.644887,DoubleDQN_1024_CPU
1754.89652,True,53,2025-05-03 10:41:13.644887,DoubleDQN_1024_CPU
-249.36877,False,62,2025-05-03 10:41:13.644887,DoubleDQN_1024_CPU
-82.14963,False,55,2025-05-03 10:41:13.644887,DoubleDQN_1024_CPU
1326.46485,True,68,2025-05-03 10:41:13.644887,DoubleDQN_1024_CPU
225.16266,False,56,2025-05-03 10:41:13.644887,DoubleDQN_1024_CPU
1704.05276,True,55,2025-05-03 10:41:13.644887,DoubleDQN_1024_CPU
1478.88513,True,52,2025-05-03 10:41:13.644887,DoubleDQN_1024_CPU
1569.95320,True,62,2025-05-03 10:41:13.644887,DoubleDQN_1024_CPU
-66.10461,False,78,2025-05-03 10:41:13.644887,DoubleDQN_1024_CPU
-161.21337,False,57,2025-05-03 10:41:13.644887,DoubleDQN_1024_CPU
1717.63702,True,52,2025-05-03 10:41:13.644887,DoubleDQN_1024_CPU
1831.32106,True,51,2025-05-03 10:41:13.644887,DoubleDQN_1024_CPU
1382.70081,True,54,2025-05-03 10:41:13.644887,DoubleDQN_1024_CPU
1686.92290,True,56,2025-05-03 10:41:13.644887,DoubleDQN_1024_CPU
429.58763,False,73,2025-05-03 10:41:13.644887,DoubleDQN_1024_CPU
1819.79325,True,54,2025-05-03 10:41:13.644887,DoubleDQN_1024_CPU
1889.37498,True,53,2025-05-03 10:41:13.644887,DoubleDQN_1024_CPU
1559.08080,True,58,2025-05-03 10:41:13.644887,DoubleDQN_1024_CPU
354.06291,False,42,2025-05-03 10:41:13.644887,DoubleDQN_1024_CPU
1555.11277,True,63,2025-05-03 10:41:13.644887,DoubleDQN_1024_CPU
806.62442,False,76,2025-05-03 10:41:13.644887,DoubleDQN_1024_CPU
21.43328,False,50,2025-05-03 10:41:13.644887,DoubleDQN_1024_CPU
1576.78047,True,58,2025-05-03 10:41:13.644887,DoubleDQN_1024_CPU
-18.37663,False,108,2025-05-03 10:41:13.644887,DoubleDQN_1024_CPU
25.28296,False,82,2025-05-03 10:41:13.644887,DoubleDQN_1024_CPU
106.84965,False,85,2025-05-03 10:41:13.644887,DoubleDQN_1024_CPU
-256.02852,False,47,2025-05-03 10:41:13.644887,DoubleDQN_1024_CPU
1669.56090,True,55,2025-05-03 10:41:13.644887,DoubleDQN_1024_CPU
-55.97862,False,51,2025-05-03 10:41:13.644887,DoubleDQN_1024_CPU
217.41506,False,69,2025-05-03 10:41:13.644887,DoubleDQN_1024_CPU
1852.94201,True,51,2025-05-03 10:41:13.644887,DoubleDQN_1024_CPU
1680.16426,True,55,2025-05-03 10:41:13.644887,DoubleDQN_1024_CPU
42.91986,False,42,2025-05-03 10:41:13.644887,DoubleDQN_1024_CPU
1946.41812,True,49,2025-05-03 10:41:13.644887,DoubleDQN_1024_CPU
1535.12664,True,54,2025-05-03 10:41:13.644887,DoubleDQN_1024_CPU
1620.51927,True,55,2025-05-03 10:41:13.644887,DoubleDQN_1024_CPU
1582.52621,True,58,2025-05-03 10:41:13.644887,DoubleDQN_1024_CPU
1330.57139,True,62,2025-05-03 10:41:13.644887,DoubleDQN_1024_CPU
2064.08772,True,48,2025-05-03 10:41:13.644887,DoubleDQN_1024_CPU
448.77963,False,110,2025-05-03 10:41:13.644887,DoubleDQN_1024_CPU
1498.98149,True,52,2025-05-03 10:41:13.644887,DoubleDQN_1024_CPU
1610.75284,True,57,2025-05-03 10:41:13.644887,DoubleDQN_1024_CPU
59.92719,False,54,2025-05-03 10:41:13.644887,DoubleDQN_1024_CPU
-190.53148,False,50,2025-05-03 10:41:13.644887,DoubleDQN_1024_CPU
744.49800,False,79,2025-05-03 10:41:13.644887,DoubleDQN_1024_CPU
-5.82195,False,80,2025-05-03 10:41:13.644887,DoubleDQN_1024_CPU
222.66529,False,60,2025-05-03 10:41:13.644887,DoubleDQN_1024_CPU
319.32579,False,54,2025-05-03 10:41:13.644887,DoubleDQN_1024_CPU
669.92825,False,102,2025-05-03 10:41:13.644887,DoubleDQN_1024_CPU
1581.34881,True,56,2025-05-03 10:41:13.644887,DoubleDQN_1024_CPU
-141.14775,False,63,2025-05-03 10:41:13.644887,DoubleDQN_1024_CPU
-37.84699,False,57,2025-05-03 10:41:13.644887,DoubleDQN_1024_CPU
1425.82455,True,91,2025-05-03 10:41:13.644887,DoubleDQN_1024_CPU
638.34362,False,78,2025-05-03 10:41:13.644887,DoubleDQN_1024_CPU
81.75314,False,53,2025-05-03 10:41:13.644887,DoubleDQN_1024_CPU
-45.92722,False,81,2025-05-03 10:41:13.644887,DoubleDQN_1024_CPU
1678.54515,True,56,2025-05-03 10:41:13.644887,DoubleDQN_1024_CPU
593.52174,False,104,2025-05-03 10:41:13.644887,DoubleDQN_1024_CPU
276.04349,False,64,2025-05-03 10:41:13.644887,DoubleDQN_1024_CPU
1489.98239,True,65,2025-05-03 10:41:13.644887,DoubleDQN_1024_CPU
0.08028,False,79,2025-05-03 10:41:13.644887,DoubleDQN_1024_CPU
1931.57877,True,52,2025-05-03 10:41:13.644887,DoubleDQN_1024_CPU
-31.87816,False,56,2025-05-03 10:41:13.644887,DoubleDQN_1024_CPU
347.88143,False,89,2025-05-03 10:41:13.644887,DoubleDQN_1024_CPU
709.36212,False,73,2025-05-03 10:41:13.644887,DoubleDQN_1024_CPU
1715.10485,True,51,2025-05-03 10:41:13.644887,DoubleDQN_1024_CPU
1755.27472,True,50,2025-05-03 10:41:13.644887,DoubleDQN_1024_CPU
1447.88930,True,55,2025-05-03 10:41:13.644887,DoubleDQN_1024_CPU
-210.07128,False,48,2025-05-03 10:41:13.644887,DoubleDQN_1024_CPU
696.56155,False,119,2025-05-03 10:41:13.644887,DoubleDQN_1024_CPU
-5.71588,False,90,2025-05-03 10:41:13.644887,DoubleDQN_1024_CPU
-95.10414,False,59,2025-05-03 10:41:13.644887,DoubleDQN_1024_CPU
1683.31980,True,53,2025-05-03 10:41:13.644887,DoubleDQN_1024_CPU
1814.77164,True,51,2025-05-03 10:41:13.644887,DoubleDQN_1024_CPU
1666.09885,True,57,2025-05-03 10:41:13.644887,DoubleDQN_1024_CPU
1646.21976,True,54,2025-05-03 10:41:13.644887,DoubleDQN_1024_CPU
1580.32686,True,58,2025-05-03 10:41:13.644887,DoubleDQN_1024_CPU
1480.47129,True,52,2025-05-03 10:41:13.644887,DoubleDQN_1024_CPU
327.94212,False,92,2025-05-03 10:41:13.644887,DoubleDQN_1024_CPU
1763.21289,True,50,2025-05-03 10:41:13.644887,DoubleDQN_1024_CPU
1355.79669,True,64,2025-05-03 10:41:13.644887,DoubleDQN_1024_CPU
1543.25517,True,52,2025-05-03 10:41:13.644887,DoubleDQN_1024_CPU
1760.50441,True,55,2025-05-03 10:41:13.644887,DoubleDQN_1024_CPU
1667.52839,True,54,2025-05-03 10:41:13.644887,DoubleDQN_1024_CPU
599.12457,False,99,2025-05-03 10:41:13.644887,DoubleDQN_1024_CPU
802.87865,False,77,2025-05-03 10:41:13.644887,DoubleDQN_1024_CPU
-141.29400,False,71,2025-05-03 10:41:13.644887,DoubleDQN_1024_CPU
1615.10136,True,57,2025-05-03 10:41:13.644887,DoubleDQN_1024_CPU
1724.37344,True,57,2025-05-03 10:41:13.644887,DoubleDQN_1024_CPU
1433.63337,True,50,2025-05-03 10:41:13.644887,DoubleDQN_1024_CPU
-164.89538,False,63,2025-05-03 10:41:13.644887,DoubleDQN_1024_CPU
1977.24128,True,49,2025-05-03 10:41:13.644887,DoubleDQN_1024_CPU
-129.53155,False,72,2025-05-03 10:41:13.644887,DoubleDQN_1024_CPU
1679.54867,True,57,2025-05-03 10:41:13.644887,DoubleDQN_1024_CPU
-258.16527,False,48,2025-05-03 10:41:13.644887,DoubleDQN_1024_CPU
1938.00830,True,50,2025-05-03 10:41:13.644887,DoubleDQN_1024_CPU
1779.12096,True,53,2025-05-03 10:41:13.644887,DoubleDQN_1024_CPU
-147.42197,False,79,2025-05-03 10:41:13.644887,DoubleDQN_1024_CPU
1321.96162,True,83,2025-05-03 10:41:13.644887,DoubleDQN_1024_CPU
1668.91181,True,58,2025-05-03 10:41:13.644887,DoubleDQN_1024_CPU
159.22772,False,55,2025-05-03 10:41:13.644887,DoubleDQN_1024_CPU
1788.77208,True,51,2025-05-03 10:41:13.644887,DoubleDQN_1024_CPU
1314.20246,True,71,2025-05-03 10:41:13.644887,DoubleDQN_1024_CPU
1347.03001,True,64,2025-05-03 10:41:13.644887,DoubleDQN_1024_CPU
-172.05253,False,74,2025-05-03 10:41:13.644887,DoubleDQN_1024_CPU
648.90612,False,84,2025-05-03 10:41:13.644887,DoubleDQN_1024_CPU
-146.29025,False,66,2025-05-03 10:41:13.644887,DoubleDQN_1024_CPU
-223.91760,False,67,2025-05-03 10:41:13.644887,DoubleDQN_1024_CPU
1412.76172,True,55,2025-05-03 10:41:13.644887,DoubleDQN_1024_CPU
-153.34605,False,52,2025-05-03 10:41:13.644887,DoubleDQN_1024_CPU
1671.02727,True,51,2025-05-03 10:41:13.644887,DoubleDQN_1024_CPU
139.58851,False,117,2025-05-03 10:41:13.644887,DoubleDQN_1024_CPU
1702.61448,True,54,2025-05-03 10:41:13.644887,DoubleDQN_1024_CPU
187.69058,False,61,2025-05-03 10:41:13.644887,DoubleDQN_1024_CPU
-232.82784,False,48,2025-05-03 10:41:13.644887,DoubleDQN_1024_CPU
284.82904,False,48,2025-05-03 10:41:13.644887,DoubleDQN_1024_CPU
228.81746,False,81,2025-05-03 10:41:13.644887,DoubleDQN_1024_CPU
1359.97535,True,59,2025-05-03 10:41:13.644887,DoubleDQN_1024_CPU
-165.08520,False,77,2025-05-03 10:41:13.644887,DoubleDQN_1024_CPU
-105.16033,False,50,2025-05-03 10:41:13.644887,DoubleDQN_1024_CPU
1650.27474,True,56,2025-05-03 10:41:13.644887,DoubleDQN_1024_CPU
1652.37123,True,52,2025-05-03 10:41:13.644887,DoubleDQN_1024_CPU
127.75981,False,54,2025-05-03 10:41:13.644887,DoubleDQN_1024_CPU
-226.61729,False,57,2025-05-03 10:41:13.644887,DoubleDQN_1024_CPU
1429.42824,True,62,2025-05-03 10:41:13.644887,DoubleDQN_1024_CPU
-245.20843,False,52,2025-05-03 10:41:13.644887,DoubleDQN_1024_CPU
1513.73421,True,61,2025-05-03 10:41:13.644887,DoubleDQN_1024_CPU
-248.02907,False,53,2025-05-03 10:41:13.644887,DoubleDQN_1024_CPU
1922.48710,True,52,2025-05-03 10:41:13.644887,DoubleDQN_1024_CPU
43.70703,False,44,2025-05-03 10:41:13.644887,DoubleDQN_1024_CPU
1378.17031,True,63,2025-05-03 10:41:13.644887,DoubleDQN_1024_CPU
1537.51585,True,49,2025-05-03 10:41:13.644887,DoubleDQN_1024_CPU
1529.84278,True,50,2025-05-03 10:41:13.644887,DoubleDQN_1024_CPU
1774.15463,True,56,2025-05-03 10:41:13.644887,DoubleDQN_1024_CPU
1627.46475,True,57,2025-05-03 10:41:13.644887,DoubleDQN_1024_CPU
1827.00869,True,55,2025-05-03 10:41:13.644887,DoubleDQN_1024_CPU
1316.15245,True,73,2025-05-03 10:41:13.644887,DoubleDQN_1024_CPU
196.15735,False,53,2025-05-03 10:41:13.644887,DoubleDQN_1024_CPU
58.07199,False,89,2025-05-03 10:41:13.644887,DoubleDQN_1024_CPU
-259.23748,False,59,2025-05-03 10:41:13.644887,DoubleDQN_1024_CPU
1365.84350,True,63,2025-05-03 10:41:13.644887,DoubleDQN_1024_CPU
1407.70664,True,67,2025-05-03 10:41:13.644887,DoubleDQN_1024_CPU
-149.91274,False,57,2025-05-03 10:41:13.644887,DoubleDQN_1024_CPU
47.97823,False,77,2025-05-03 10:41:13.644887,DoubleDQN_1024_CPU
1379.73763,True,57,2025-05-03 10:41:13.644887,DoubleDQN_1024_CPU
67.03426,False,51,2025-05-03 10:41:13.644887,DoubleDQN_1024_CPU
1858.33871,True,53,2025-05-03 10:41:13.644887,DoubleDQN_1024_CPU
1310.15946,True,82,2025-05-03 10:41:13.644887,DoubleDQN_1024_CPU
548.98079,False,135,2025-05-03 10:41:13.644887,DoubleDQN_1024_CPU
1582.40887,True,61,2025-05-03 10:41:13.644887,DoubleDQN_1024_CPU
2073.53697,True,47,2025-05-03 10:41:13.644887,DoubleDQN_1024_CPU
1796.81858,True,52,2025-05-03 10:41:13.644887,DoubleDQN_1024_CPU
1602.54020,True,60,2025-05-03 10:41:13.644887,DoubleDQN_1024_CPU
1489.19473,True,61,2025-05-03 10:41:13.644887,DoubleDQN_1024_CPU
1602.76822,True,56,2025-05-03 10:41:13.644887,DoubleDQN_1024_CPU
1493.29758,True,62,2025-05-03 10:41:13.644887,DoubleDQN_1024_CPU
50.18800,False,66,2025-05-03 10:41:13.644887,DoubleDQN_1024_CPU
-259.62330,False,66,2025-05-03 10:41:13.644887,DoubleDQN_1024_CPU
-241.43661,False,71,2025-05-03 10:41:13.644887,DoubleDQN_1024_CPU
1365.31221,True,58,2025-05-03 10:41:13.644887,DoubleDQN_1024_CPU
-127.88149,False,58,2025-05-03 10:41:13.644887,DoubleDQN_1024_CPU
147.89121,False,54,2025-05-03 10:41:13.644887,DoubleDQN_1024_CPU
1332.90186,True,70,2025-05-03 10:41:13.644887,DoubleDQN_1024_CPU
1527.46206,True,53,2025-05-03 10:41:13.644887,DoubleDQN_1024_CPU
-48.89948,False,54,2025-05-03 10:41:13.644887,DoubleDQN_1024_CPU
2060.59498,True,49,2025-05-03 10:41:13.644887,DoubleDQN_1024_CPU
-70.23992,False,79,2025-05-03 10:41:13.644887,DoubleDQN_1024_CPU
1749.60251,True,52,2025-05-03 10:41:13.644887,DoubleDQN_1024_CPU
-77.87205,False,52,2025-05-03 10:41:13.644887,DoubleDQN_1024_CPU
-63.85619,False,46,2025-05-03 10:41:13.644887,DoubleDQN_1024_CPU
-200.04613,False,56,2025-05-03 10:41:13.644887,DoubleDQN_1024_CPU
1399.55056,True,61,2025-05-03 10:41:13.644887,DoubleDQN_1024_CPU
1380.48168,True,58,2025-05-03 10:41:13.644887,DoubleDQN_1024_CPU
160.02194,False,46,2025-05-03 10:41:13.644887,DoubleDQN_1024_CPU
-99.96029,False,56,2025-05-03 10:41:13.644887,DoubleDQN_1024_CPU
197.78537,False,81,2025-05-03 10:41:13.644887,DoubleDQN_1024_CPU
1456.05916,True,63,2025-05-03 10:41:13.644887,DoubleDQN_1024_CPU
-64.57438,False,61,2025-05-03 10:41:13.644887,DoubleDQN_1024_CPU
1814.53493,True,50,2025-05-03 10:41:13.644887,DoubleDQN_1024_CPU
1898.14525,True,55,2025-05-03 10:41:13.644887,DoubleDQN_1024_CPU
1381.26937,True,53,2025-05-03 10:41:13.644887,DoubleDQN_1024_CPU
115.42873,False,53,2025-05-03 10:41:13.644887,DoubleDQN_1024_CPU
-14.39961,False,87,2025-05-03 10:41:13.644887,DoubleDQN_1024_CPU
-55.06722,False,50,2025-05-03 10:41:13.644887,DoubleDQN_1024_CPU
1795.85694,True,53,2025-05-03 10:41:13.644887,DoubleDQN_1024_CPU
3.84398,False,55,2025-05-03 10:41:13.644887,DoubleDQN_1024_CPU
1554.61743,True,56,2025-05-03 10:41:13.644887,DoubleDQN_1024_CPU
1699.34528,True,52,2025-05-03 10:41:13.644887,DoubleDQN_1024_CPU
-46.15444,False,63,2025-05-03 10:41:13.644887,DoubleDQN_1024_CPU
-248.01489,False,66,2025-05-03 10:41:13.644887,DoubleDQN_1024_CPU
1388.19703,True,61,2025-05-03 10:41:13.644887,DoubleDQN_1024_CPU
1583.58928,True,52,2025-05-03 10:41:13.644887,DoubleDQN_1024_CPU
1498.79956,True,53,2025-05-03 10:41:13.644887,DoubleDQN_1024_CPU
110.15877,False,92,2025-05-03 10:41:13.644887,DoubleDQN_1024_CPU
1385.40907,True,61,2025-05-03 10:41:13.644887,DoubleDQN_1024_CPU
-137.21301,False,50,2025-05-03 10:41:13.644887,DoubleDQN_1024_CPU
115.11131,False,59,2025-05-03 10:41:13.644887,DoubleDQN_1024_CPU
1713.85590,True,52,2025-05-03 10:41:13.644887,DoubleDQN_1024_CPU
1705.75966,True,56,2025-05-03 10:41:13.644887,DoubleDQN_1024_CPU
-23.84018,False,57,2025-05-03 10:41:13.644887,DoubleDQN_1024_CPU
1467.88418,True,57,2025-05-03 10:41:13.644887,DoubleDQN_1024_CPU
-63.36424,False,80,2025-05-03 10:41:13.644887,DoubleDQN_1024_CPU
2052.72991,True,48,2025-05-03 10:41:13.644887,DoubleDQN_1024_CPU
495.53926,False,65,2025-05-03 10:41:13.644887,DoubleDQN_1024_CPU
189.17896,False,43,2025-05-03 10:41:13.644887,DoubleDQN_1024_CPU
798.27883,False,77,2025-05-03 10:41:13.644887,DoubleDQN_1024_CPU
32.65035,False,71,2025-05-03 10:41:13.644887,DoubleDQN_1024_CPU
26.81835,False,49,2025-05-03 10:41:13.644887,DoubleDQN_1024_CPU
1451.09024,True,58,2025-05-03 10:41:13.644887,DoubleDQN_1024_CPU
401.16465,False,72,2025-05-03 10:41:13.644887,DoubleDQN_1024_CPU
-183.83828,False,51,2025-05-03 10:41:13.644887,DoubleDQN_1024_CPU
-128.36802,False,54,2025-05-03 10:41:13.644887,DoubleDQN_1024_CPU
1348.89732,True,64,2025-05-03 10:41:13.644887,DoubleDQN_1024_CPU
-163.56793,False,49,2025-05-03 10:41:13.644887,DoubleDQN_1024_CPU
14.38145,False,83,2025-05-03 10:41:13.644887,DoubleDQN_1024_CPU
1504.43094,True,57,2025-05-03 10:41:13.644887,DoubleDQN_1024_CPU
1760.49991,True,56,2025-05-03 10:41:13.644887,DoubleDQN_1024_CPU
1806.79773,True,54,2025-05-03 10:41:13.644887,DoubleDQN_1024_CPU
-232.91962,False,62,2025-05-03 10:41:13.644887,DoubleDQN_1024_CPU
114.42263,False,65,2025-05-03 10:41:13.644887,DoubleDQN_1024_CPU
1610.22551,True,61,2025-05-03 10:41:13.644887,DoubleDQN_1024_CPU
1863.62508,True,53,2025-05-03 10:41:13.644887,DoubleDQN_1024_CPU
28.01622,False,48,2025-05-03 10:41:13.644887,DoubleDQN_1024_CPU
1427.88727,True,58,2025-05-03 10:41:13.644887,DoubleDQN_1024_CPU
1706.40899,True,55,2025-05-03 10:41:13.644887,DoubleDQN_1024_CPU
-252.44738,False,63,2025-05-03 10:41:13.644887,DoubleDQN_1024_CPU
1556.48178,True,57,2025-05-03 10:41:13.644887,DoubleDQN_1024_CPU
473.00380,False,90,2025-05-03 10:41:13.644887,DoubleDQN_1024_CPU
-186.23290,False,64,2025-05-03 10:41:13.644887,DoubleDQN_1024_CPU
-12.90517,False,83,2025-05-03 10:41:13.644887,DoubleDQN_1024_CPU
1846.74251,True,55,2025-05-03 10:41:13.644887,DoubleDQN_1024_CPU
1560.28156,True,56,2025-05-03 10:41:13.644887,DoubleDQN_1024_CPU
86.83515,False,101,2025-05-03 10:41:13.644887,DoubleDQN_1024_CPU
-206.65481,False,53,2025-05-03 10:41:13.644887,DoubleDQN_1024_CPU
-57.27817,False,93,2025-05-03 10:41:13.644887,DoubleDQN_1024_CPU
187.26557,False,70,2025-05-03 10:41:13.644887,DoubleDQN_1024_CPU
-254.65678,False,72,2025-05-03 10:41:13.644887,DoubleDQN_1024_CPU
-153.09280,False,89,2025-05-03 10:41:13.644887,DoubleDQN_1024_CPU
-175.73686,False,66,2025-05-03 10:41:13.644887,DoubleDQN_1024_CPU
1351.19572,True,63,2025-05-03 10:41:13.644887,DoubleDQN_1024_CPU
1616.88298,True,52,2025-05-03 10:41:13.644887,DoubleDQN_1024_CPU
5.47528,False,80,2025-05-03 10:41:13.644887,DoubleDQN_1024_CPU
-20.07620,False,53,2025-05-03 10:41:13.644887,DoubleDQN_1024_CPU
1369.72166,True,64,2025-05-03 10:41:13.644887,DoubleDQN_1024_CPU
-79.65684,False,61,2025-05-03 10:41:13.644887,DoubleDQN_1024_CPU
1378.60899,True,63,2025-05-03 10:41:13.644887,DoubleDQN_1024_CPU
1310.28634,True,67,2025-05-03 10:41:13.644887,DoubleDQN_1024_CPU
1528.50073,True,58,2025-05-03 10:41:13.644887,DoubleDQN_1024_CPU
-108.92686,False,51,2025-05-03 10:41:13.644887,DoubleDQN_1024_CPU
40.74761,False,48,2025-05-03 10:41:13.644887,DoubleDQN_1024_CPU
1893.07984,True,53,2025-05-03 10:41:13.644887,DoubleDQN_1024_CPU
191.53922,False,78,2025-05-03 10:41:13.644887,DoubleDQN_1024_CPU
-269.25609,False,63,2025-05-03 10:41:13.644887,DoubleDQN_1024_CPU
1641.34995,True,55,2025-05-03 10:41:13.644887,DoubleDQN_1024_CPU
1496.17610,True,57,2025-05-03 10:41:13.644887,DoubleDQN_1024_CPU
186.28870,False,79,2025-05-03 10:41:13.644887,DoubleDQN_1024_CPU
-243.74907,False,55,2025-05-03 10:41:13.644887,DoubleDQN_1024_CPU
-41.94772,False,51,2025-05-03 10:41:13.644887,DoubleDQN_1024_CPU
-120.12457,False,62,2025-05-03 10:41:13.644887,DoubleDQN_1024_CPU
577.79008,False,84,2025-05-03 10:41:13.644887,DoubleDQN_1024_CPU
1718.20269,True,54,2025-05-03 10:41:13.644887,DoubleDQN_1024_CPU
577.48471,False,86,2025-05-03 10:41:13.644887,DoubleDQN_1024_CPU
662.06105,False,112,2025-05-03 10:41:13.644887,DoubleDQN_1024_CPU
1473.56350,True,62,2025-05-03 10:41:13.644887,DoubleDQN_1024_CPU
1634.22595,True,54,2025-05-03 10:41:13.644887,DoubleDQN_1024_CPU
1547.50169,True,58,2025-05-03 10:41:13.644887,DoubleDQN_1024_CPU
772.45530,False,85,2025-05-03 10:41:13.644887,DoubleDQN_1024_CPU
159.62429,False,64,2025-05-03 10:41:13.644887,DoubleDQN_1024_CPU
1597.06686,True,55,2025-05-03 10:41:13.644887,DoubleDQN_1024_CPU
1789.25225,True,55,2025-05-03 10:41:13.644887,DoubleDQN_1024_CPU
1619.92181,True,52,2025-05-03 10:41:13.644887,DoubleDQN_1024_CPU
359.50910,False,64,2025-05-03 10:41:13.644887,DoubleDQN_1024_CPU
-84.21087,False,77,2025-05-03 10:41:13.644887,DoubleDQN_1024_CPU
-247.78265,False,62,2025-05-03 10:41:13.644887,DoubleDQN_1024_CPU
1562.27013,True,54,2025-05-03 10:41:13.644887,DoubleDQN_1024_CPU
1338.14896,True,61,2025-05-03 10:41:13.644887,DoubleDQN_1024_CPU
-185.26371,False,58,2025-05-03 10:41:13.644887,DoubleDQN_1024_CPU
-53.04479,False,76,2025-05-03 10:41:13.644887,DoubleDQN_1024_CPU
1319.83077,True,64,2025-05-03 10:41:13.644887,DoubleDQN_1024_CPU
1471.39014,True,55,2025-05-03 10:41:13.644887,DoubleDQN_1024_CPU
1506.27218,True,54,2025-05-03 10:41:13.644887,DoubleDQN_1024_CPU
36.14127,False,97,2025-05-03 10:41:13.644887,DoubleDQN_1024_CPU
-54.69352,False,63,2025-05-03 10:41:13.644887,DoubleDQN_1024_CPU
-190.75028,False,47,2025-05-03 10:41:13.644887,DoubleDQN_1024_CPU
1334.37214,True,63,2025-05-03 10:41:13.644887,DoubleDQN_1024_CPU
1578.43545,True,59,2025-05-03 10:41:13.644887,DoubleDQN_1024_CPU
1393.94733,True,63,2025-05-03 10:41:13.644887,DoubleDQN_1024_CPU
1538.57745,True,68,2025-05-03 10:41:13.644887,DoubleDQN_1024_CPU
1902.05748,True,52,2025-05-03 10:41:13.644887,DoubleDQN_1024_CPU
1450.62651,True,52,2025-05-03 10:41:13.644887,DoubleDQN_1024_CPU
-20.00862,False,52,2025-05-03 10:41:13.644887,DoubleDQN_1024_CPU
-98.31252,False,46,2025-05-03 10:41:13.644887,DoubleDQN_1024_CPU
195.60754,False,80,2025-05-03 10:41:13.644887,DoubleDQN_1024_CPU
-17.97149,False,74,2025-05-03 10:41:13.644887,DoubleDQN_1024_CPU
1763.35036,True,52,2025-05-03 10:41:13.644887,DoubleDQN_1024_CPU
1648.19036,True,58,2025-05-03 10:41:13.644887,DoubleDQN_1024_CPU
-193.40858,False,51,2025-05-03 10:41:13.644887,DoubleDQN_1024_CPU
90.04095,False,86,2025-05-03 10:41:13.644887,DoubleDQN_1024_CPU
1697.71933,True,58,2025-05-03 10:41:13.644887,DoubleDQN_1024_CPU
704.95296,False,94,2025-05-03 10:41:13.644887,DoubleDQN_1024_CPU
28.81776,False,47,2025-05-03 10:41:13.644887,DoubleDQN_1024_CPU
135.08093,False,96,2025-05-03 10:41:13.644887,DoubleDQN_1024_CPU
208.36907,False,78,2025-05-03 10:41:13.644887,DoubleDQN_1024_CPU
10.98949,False,53,2025-05-03 10:41:13.644887,DoubleDQN_1024_CPU
1861.05011,True,51,2025-05-03 10:41:13.644887,DoubleDQN_1024_CPU
1585.52313,True,55,2025-05-03 10:41:13.644887,DoubleDQN_1024_CPU
1507.36151,True,64,2025-05-03 10:41:13.644887,DoubleDQN_1024_CPU
75.85918,False,10,2025-05-03 10:41:13.644887,DoubleDQN_1024_CPU
-256.27242,False,53,2025-05-03 10:41:13.644887,DoubleDQN_1024_CPU
1817.99580,True,54,2025-05-03 10:41:13.644887,DoubleDQN_1024_CPU
1683.69307,True,58,2025-05-03 10:41:13.644887,DoubleDQN_1024_CPU
1315.83187,True,66,2025-05-03 10:41:13.644887,DoubleDQN_1024_CPU
-10.79358,False,84,2025-05-03 10:41:13.644887,DoubleDQN_1024_CPU
115.41313,False,43,2025-05-03 10:41:13.644887,DoubleDQN_1024_CPU
1561.39269,True,66,2025-05-03 10:41:13.644887,DoubleDQN_1024_CPU
-224.61389,False,80,2025-05-03 10:41:13.644887,DoubleDQN_1024_CPU
1806.59026,True,50,2025-05-03 10:41:13.644887,DoubleDQN_1024_CPU
1775.16020,True,55,2025-05-03 10:41:13.644887,DoubleDQN_1024_CPU
-11.99141,False,70,2025-05-03 10:41:13.644887,DoubleDQN_1024_CPU
1789.35749,True,49,2025-05-03 10:41:13.644887,DoubleDQN_1024_CPU
-104.48605,False,46,2025-05-03 10:41:13.644887,DoubleDQN_1024_CPU
245.36768,False,89,2025-05-03 10:41:13.644887,DoubleDQN_1024_CPU
46.84828,False,81,2025-05-03 10:41:13.644887,DoubleDQN_1024_CPU
1585.45688,True,60,2025-05-03 10:41:13.644887,DoubleDQN_1024_CPU
-138.01567,False,60,2025-05-03 10:41:13.644887,DoubleDQN_1024_CPU
1634.62847,True,59,2025-05-03 10:41:13.644887,DoubleDQN_1024_CPU
598.33901,False,82,2025-05-03 10:41:13.644887,DoubleDQN_1024_CPU
-230.50215,False,58,2025-05-03 10:41:13.644887,DoubleDQN_1024_CPU
1664.90695,True,59,2025-05-03 10:41:13.644887,DoubleDQN_1024_CPU
1884.16953,True,52,2025-05-03 10:41:13.644887,DoubleDQN_1024_CPU
1652.06731,True,59,2025-05-03 10:41:13.644887,DoubleDQN_1024_CPU
1407.62223,True,53,2025-05-03 10:41:13.644887,DoubleDQN_1024_CPU
-9.26824,False,82,2025-05-03 10:41:13.644887,DoubleDQN_1024_CPU
36.70010,False,49,2025-05-03 10:41:13.644887,DoubleDQN_1024_CPU
700.71939,False,76,2025-05-03 10:41:13.644887,DoubleDQN_1024_CPU
-12.16139,False,50,2025-05-03 10:41:13.644887,DoubleDQN_1024_CPU
-13.54456,False,97,2025-05-03 10:41:13.644887,DoubleDQN_1024_CPU
1568.57473,True,53,2025-05-03 10:41:13.644887,DoubleDQN_1024_CPU
1539.74734,True,57,2025-05-03 10:41:13.644887,DoubleDQN_1024_CPU
-158.90143,False,55,2025-05-03 10:41:13.644887,DoubleDQN_1024_CPU
1440.55837,True,59,2025-05-03 10:41:13.644887,DoubleDQN_1024_CPU
1759.71375,True,55,2025-05-03 10:41:13.644887,DoubleDQN_1024_CPU
-15.53925,False,50,2025-05-03 10:41:13.644887,DoubleDQN_1024_CPU
164.48061,False,58,2025-05-03 10:41:13.644887,DoubleDQN_1024_CPU
1326.70228,True,62,2025-05-03 10:41:13.644887,DoubleDQN_1024_CPU
1352.37709,True,63,2025-05-03 10:41:13.644887,DoubleDQN_1024_CPU
1399.26783,True,64,2025-05-03 10:41:13.644887,DoubleDQN_1024_CPU
-2.79963,False,50,2025-05-03 10:41:13.644887,DoubleDQN_1024_CPU
1367.16378,True,69,2025-05-03 10:41:13.644887,DoubleDQN_1024_CPU
-250.00561,False,68,2025-05-03 10:41:13.644887,DoubleDQN_1024_CPU
-200.15406,False,53,2025-05-03 10:41:13.644887,DoubleDQN_1024_CPU
-57.01867,False,57,2025-05-03 10:41:13.644887,DoubleDQN_1024_CPU
1767.14210,True,55,2025-05-03 10:41:13.644887,DoubleDQN_1024_CPU
304.88154,False,82,2025-05-03 10:41:13.644887,DoubleDQN_1024_CPU
523.97954,False,141,2025-05-03 10:41:13.644887,DoubleDQN_1024_CPU
-19.38580,False,51,2025-05-03 10:41:13.644887,DoubleDQN_1024_CPU
-11.10298,False,76,2025-05-03 10:41:13.644887,DoubleDQN_1024_CPU
1851.39429,True,50,2025-05-03 10:41:13.644887,DoubleDQN_1024_CPU
-34.58718,False,64,2025-05-03 10:41:13.644887,DoubleDQN_1024_CPU
1488.37280,True,60,2025-05-03 10:41:13.644887,DoubleDQN_1024_CPU
1363.06851,True,66,2025-05-03 10:41:13.644887,DoubleDQN_1024_CPU
1487.84218,True,54,2025-05-03 10:41:13.644887,DoubleDQN_1024_CPU
763.77853,False,73,2025-05-03 10:41:13.644887,DoubleDQN_1024_CPU
1560.61472,True,58,2025-05-03 10:41:13.644887,DoubleDQN_1024_CPU
1588.08479,True,69,2025-05-03 10:41:13.644887,DoubleDQN_1024_CPU
95.26005,False,84,2025-05-03 10:41:13.644887,DoubleDQN_1024_CPU
-130.23293,False,59,2025-05-03 10:41:13.644887,DoubleDQN_1024_CPU
1570.84100,True,61,2025-05-03 10:41:13.644887,DoubleDQN_1024_CPU
-210.06199,False,60,2025-05-03 10:41:13.644887,DoubleDQN_1024_CPU
-172.46779,False,62,2025-05-03 10:41:13.644887,DoubleDQN_1024_CPU
1612.51584,True,52,2025-05-03 10:41:13.644887,DoubleDQN_1024_CPU
1535.29246,True,57,2025-05-03 10:41:13.644887,DoubleDQN_1024_CPU
-16.33701,False,59,2025-05-03 10:41:13.644887,DoubleDQN_1024_CPU
1666.15986,True,56,2025-05-03 10:41:13.644887,DoubleDQN_1024_CPU
1368.97419,True,57,2025-05-03 10:41:13.644887,DoubleDQN_1024_CPU
1864.73644,True,53,2025-05-03 10:41:13.644887,DoubleDQN_1024_CPU
1552.59751,True,54,2025-05-03 10:41:13.644887,DoubleDQN_1024_CPU
1880.24556,True,54,2025-05-03 10:41:13.644887,DoubleDQN_1024_CPU
75.85918,False,10,2025-05-03 10:41:13.644887,DoubleDQN_1024_CPU
33.92799,False,85,2025-05-03 10:41:13.644887,DoubleDQN_1024_CPU
-72.45889,False,84,2025-05-03 10:41:13.644887,DoubleDQN_1024_CPU
1681.82558,True,57,2025-05-03 10:41:13.644887,DoubleDQN_1024_CPU
132.71477,False,87,2025-05-03 10:41:13.644887,DoubleDQN_1024_CPU
1630.98918,True,56,2025-05-03 10:41:13.644887,DoubleDQN_1024_CPU
1615.31920,True,57,2025-05-03 10:41:13.644887,DoubleDQN_1024_CPU
1758.38193,True,54,2025-05-03 10:41:13.644887,DoubleDQN_1024_CPU
1639.20045,True,58,2025-05-03 10:41:13.644887,DoubleDQN_1024_CPU
1865.13062,True,52,2025-05-03 10:41:13.644887,DoubleDQN_1024_CPU
699.50271,False,89,2025-05-03 10:41:13.644887,DoubleDQN_1024_CPU
646.73413,False,78,2025-05-03 10:41:13.644887,DoubleDQN_1024_CPU
1489.50260,True,46,2025-05-03 10:41:13.644887,DoubleDQN_1024_CPU
1547.47105,True,52,2025-05-03 10:41:13.644887,DoubleDQN_1024_CPU
1767.03556,True,55,2025-05-03 10:41:13.644887,DoubleDQN_1024_CPU
1644.81559,True,56,2025-05-03 10:41:13.644887,DoubleDQN_1024_CPU
-195.82008,False,57,2025-05-03 10:41:13.644887,DoubleDQN_1024_CPU
1590.50448,True,59,2025-05-03 10:41:13.644887,DoubleDQN_1024_CPU
1564.16287,True,58,2025-05-03 10:41:13.644887,DoubleDQN_1024_CPU
-177.33768,False,62,2025-05-03 10:41:13.644887,DoubleDQN_1024_CPU
-212.32414,False,52,2025-05-03 10:41:13.644887,DoubleDQN_1024_CPU
-185.49217,False,61,2025-05-03 10:41:13.644887,DoubleDQN_1024_CPU
17.91368,False,50,2025-05-03 10:41:13.644887,DoubleDQN_1024_CPU
1428.01820,True,61,2025-05-03 10:41:13.644887,DoubleDQN_1024_CPU
1561.87767,True,53,2025-05-03 10:41:13.644887,DoubleDQN_1024_CPU
1316.59584,True,76,2025-05-03 10:41:13.644887,DoubleDQN_1024_CPU
1496.16120,True,60,2025-05-03 10:41:13.644887,DoubleDQN_1024_CPU
-12.99568,False,55,2025-05-03 10:41:13.644887,DoubleDQN_1024_CPU
-256.55663,False,59,2025-05-03 10:41:13.644887,DoubleDQN_1024_CPU
1816.35429,True,50,2025-05-03 10:41:13.644887,DoubleDQN_1024_CPU
-25.90844,False,90,2025-05-03 10:41:13.644887,DoubleDQN_1024_CPU
231.79431,False,63,2025-05-03 10:41:13.644887,DoubleDQN_1024_CPU
1573.96301,True,59,2025-05-03 10:41:13.644887,DoubleDQN_1024_CPU
-20.80803,False,65,2025-05-03 10:41:13.644887,DoubleDQN_1024_CPU
9.53809,False,49,2025-05-03 10:41:13.644887,DoubleDQN_1024_CPU
1721.18622,True,54,2025-05-03 10:41:13.644887,DoubleDQN_1024_CPU
1362.81524,True,62,2025-05-03 10:41:13.644887,DoubleDQN_1024_CPU
1731.58917,True,55,2025-05-03 10:41:13.644887,DoubleDQN_1024_CPU
1931.27802,True,52,2025-05-03 10:41:13.644887,DoubleDQN_1024_CPU
-46.82669,False,49,2025-05-03 10:41:13.644887,DoubleDQN_1024_CPU
1666.56732,True,59,2025-05-03 10:41:13.644887,DoubleDQN_1024_CPU
1684.02447,True,54,2025-05-03 10:41:13.644887,DoubleDQN_1024_CPU
-118.17441,False,86,2025-05-03 10:41:13.644887,DoubleDQN_1024_CPU
1690.25697,True,59,2025-05-03 10:41:13.644887,DoubleDQN_1024_CPU
1750.20269,True,58,2025-05-03 10:41:13.644887,DoubleDQN_1024_CPU
1735.29311,True,55,2025-05-03 10:41:13.644887,DoubleDQN_1024_CPU
137.09360,False,52,2025-05-03 10:41:13.644887,DoubleDQN_1024_CPU
1793.45182,True,52,2025-05-03 10:41:13.644887,DoubleDQN_1024_CPU
-154.30786,False,84,2025-05-03 10:41:13.644887,DoubleDQN_1024_CPU
1454.35880,True,61,2025-05-03 10:41:13.644887,DoubleDQN_1024_CPU
769.63066,False,106,2025-05-03 10:41:13.644887,DoubleDQN_1024_CPU
-244.63889,False,50,2025-05-03 10:41:13.644887,DoubleDQN_1024_CPU
429.49134,False,99,2025-05-03 10:41:13.644887,DoubleDQN_1024_CPU
1444.59805,True,63,2025-05-03 10:41:13.644887,DoubleDQN_1024_CPU
-101.35512,False,50,2025-05-03 10:41:13.644887,DoubleDQN_1024_CPU
1417.35030,True,57,2025-05-03 10:41:13.644887,DoubleDQN_1024_CPU
1640.07413,True,55,2025-05-03 10:41:13.644887,DoubleDQN_1024_CPU
1540.80601,True,57,2025-05-03 10:41:13.644887,DoubleDQN_1024_CPU
1679.86938,True,54,2025-05-03 10:41:13.644887,DoubleDQN_1024_CPU
1697.47105,True,55,2025-05-03 10:41:13.644887,DoubleDQN_1024_CPU
1633.61910,True,56,2025-05-03 10:41:13.644887,DoubleDQN_1024_CPU
-165.79413,False,49,2025-05-03 10:41:13.644887,DoubleDQN_1024_CPU
1713.05702,True,60,2025-05-03 10:41:13.644887,DoubleDQN_1024_CPU
1441.82700,True,59,2025-05-03 10:41:13.644887,DoubleDQN_1024_CPU
509.65569,False,79,2025-05-03 10:41:13.644887,DoubleDQN_1024_CPU
1334.70349,True,69,2025-05-03 10:41:13.644887,DoubleDQN_1024_CPU
137.11728,False,58,2025-05-03 10:41:13.644887,DoubleDQN_1024_CPU
1571.28774,True,56,2025-05-03 10:41:13.644887,DoubleDQN_1024_CPU
124.66576,False,62,2025-05-03 10:41:13.644887,DoubleDQN_1024_CPU
-178.59812,False,45,2025-05-03 10:41:13.644887,DoubleDQN_1024_CPU
-63.08178,False,50,2025-05-03 10:41:13.644887,DoubleDQN_1024_CPU
746.19464,False,87,2025-05-03 10:41:13.644887,DoubleDQN_1024_CPU
-122.75327,False,59,2025-05-03 10:41:13.644887,DoubleDQN_1024_CPU
180.64124,False,68,2025-05-03 10:41:13.644887,DoubleDQN_1024_CPU
-48.52404,False,76,2025-05-03 10:41:13.644887,DoubleDQN_1024_CPU
1718.06584,True,51,2025-05-03 10:41:13.644887,DoubleDQN_1024_CPU
1603.29600,True,58,2025-05-03 10:41:13.644887,DoubleDQN_1024_CPU
1878.10002,True,62,2025-05-03 10:41:13.644887,DoubleDQN_1024_CPU
1895.84517,True,52,2025-05-03 10:41:13.644887,DoubleDQN_1024_CPU
346.37113,False,88,2025-05-03 10:41:13.644887,DoubleDQN_1024_CPU
1700.85571,True,58,2025-05-03 10:41:13.644887,DoubleDQN_1024_CPU
1687.18185,True,60,2025-05-03 10:41:13.644887,DoubleDQN_1024_CPU
-23.91309,False,58,2025-05-03 10:41:13.644887,DoubleDQN_1024_CPU
1380.37010,True,70,2025-05-03 10:41:13.644887,DoubleDQN_1024_CPU
1614.54080,True,56,2025-05-03 10:41:13.644887,DoubleDQN_1024_CPU
1357.59033,True,60,2025-05-03 10:41:13.644887,DoubleDQN_1024_CPU
126.59895,False,55,2025-05-03 10:41:13.644887,DoubleDQN_1024_CPU
1668.50832,True,58,2025-05-03 10:41:13.644887,DoubleDQN_1024_CPU
-215.03563,False,50,2025-05-03 10:41:13.644887,DoubleDQN_1024_CPU
1772.42319,True,54,2025-05-03 10:41:13.644887,DoubleDQN_1024_CPU
81.49190,False,47,2025-05-03 10:41:13.644887,DoubleDQN_1024_CPU
220.34850,False,72,2025-05-03 10:41:13.644887,DoubleDQN_1024_CPU
98.95301,False,70,2025-05-03 10:41:13.644887,DoubleDQN_1024_CPU
613.40619,False,85,2025-05-03 10:41:13.644887,DoubleDQN_1024_CPU
1606.62270,True,53,2025-05-03 10:41:13.644887,DoubleDQN_1024_CPU
1672.97042,True,52,2025-05-03 10:41:13.644887,DoubleDQN_1024_CPU
1526.96680,True,57,2025-05-03 10:41:13.644887,DoubleDQN_1024_CPU
-272.18295,False,57,2025-05-03 10:41:13.644887,DoubleDQN_1024_CPU
1366.52435,True,64,2025-05-03 10:41:13.644887,DoubleDQN_1024_CPU
-202.74133,False,68,2025-05-03 10:41:13.644887,DoubleDQN_1024_CPU
-174.18266,False,59,2025-05-03 10:41:13.644887,DoubleDQN_1024_CPU
94.69744,False,47,2025-05-03 10:41:13.644887,DoubleDQN_1024_CPU
1381.40488,True,60,2025-05-03 10:41:13.644887,DoubleDQN_1024_CPU
1629.17218,True,49,2025-05-03 10:41:13.644887,DoubleDQN_1024_CPU
1834.45906,True,52,2025-05-03 10:41:13.644887,DoubleDQN_1024_CPU
60.72430,False,76,2025-05-03 10:41:13.644887,DoubleDQN_1024_CPU
697.45574,False,76,2025-05-03 10:41:13.644887,DoubleDQN_1024_CPU
201.95768,False,63,2025-05-03 10:41:13.644887,DoubleDQN_1024_CPU
1495.72025,True,58,2025-05-03 10:41:13.644887,DoubleDQN_1024_CPU
1620.35179,True,67,2025-05-03 10:41:13.644887,DoubleDQN_1024_CPU
510.64085,False,59,2025-05-03 10:41:13.644887,DoubleDQN_1024_CPU
1803.00580,True,51,2025-05-03 10:41:13.644887,DoubleDQN_1024_CPU
1511.81266,True,63,2025-05-03 10:41:13.644887,DoubleDQN_1024_CPU
1557.82401,True,58,2025-05-03 10:41:13.644887,DoubleDQN_1024_CPU
-204.05594,False,53,2025-05-03 10:41:13.644887,DoubleDQN_1024_CPU
1372.13508,True,63,2025-05-03 10:41:13.644887,DoubleDQN_1024_CPU
41.99610,False,52,2025-05-03 10:41:13.644887,DoubleDQN_1024_CPU
153.29324,False,63,2025-05-03 10:41:13.644887,DoubleDQN_1024_CPU
1451.95546,True,57,2025-05-03 10:41:13.644887,DoubleDQN_1024_CPU
70.91862,False,61,2025-05-03 10:41:13.644887,DoubleDQN_1024_CPU
1659.00718,True,54,2025-05-03 10:41:13.644887,DoubleDQN_1024_CPU
5.01485,False,59,2025-05-03 10:41:13.644887,DoubleDQN_1024_CPU
208.05642,False,52,2025-05-03 10:41:13.644887,DoubleDQN_1024_CPU
219.15096,False,83,2025-05-03 10:41:13.644887,DoubleDQN_1024_CPU
1358.39588,True,65,2025-05-03 10:41:13.644887,DoubleDQN_1024_CPU
59.16046,False,84,2025-05-03 10:41:13.644887,DoubleDQN_1024_CPU
1482.72619,True,54,2025-05-03 10:41:13.644887,DoubleDQN_1024_CPU
-222.85484,False,73,2025-05-03 10:41:13.644887,DoubleDQN_1024_CPU
-77.51342,False,48,2025-05-03 10:41:13.644887,DoubleDQN_1024_CPU
-0.11078,False,56,2025-05-03 10:41:13.644887,DoubleDQN_1024_CPU
1317.44980,True,66,2025-05-03 10:41:13.644887,DoubleDQN_1024_CPU
1328.79111,True,63,2025-05-03 10:41:13.644887,DoubleDQN_1024_CPU
182.81357,False,57,2025-05-03 10:41:13.644887,DoubleDQN_1024_CPU
1515.04880,True,68,2025-05-03 10:41:13.644887,DoubleDQN_1024_CPU
1760.40226,True,57,2025-05-03 10:41:13.644887,DoubleDQN_1024_CPU
1516.92905,True,59,2025-05-03 10:41:13.644887,DoubleDQN_1024_CPU
1903.67552,True,53,2025-05-03 10:41:13.644887,DoubleDQN_1024_CPU
1693.13146,True,65,2025-05-03 10:41:13.644887,DoubleDQN_1024_CPU
1679.04132,True,55,2025-05-03 10:41:13.644887,DoubleDQN_1024_CPU
-149.73662,False,52,2025-05-03 10:41:13.644887,DoubleDQN_1024_CPU
1713.24868,True,61,2025-05-03 10:41:13.644887,DoubleDQN_1024_CPU
1423.46753,True,50,2025-05-03 10:41:13.644887,DoubleDQN_1024_CPU
1585.03047,True,58,2025-05-03 10:41:13.644887,DoubleDQN_1024_CPU
97.39244,False,115,2025-05-03 10:41:13.644887,DoubleDQN_1024_CPU
1908.37530,True,48,2025-05-03 10:41:13.644887,DoubleDQN_1024_CPU
-207.80229,False,49,2025-05-03 10:41:13.644887,DoubleDQN_1024_CPU
1656.45678,True,58,2025-05-03 10:41:13.644887,DoubleDQN_1024_CPU
-106.92294,False,53,2025-05-03 10:41:13.644887,DoubleDQN_1024_CPU
1342.35318,True,61,2025-05-03 10:41:13.644887,DoubleDQN_1024_CPU
-118.15873,False,48,2025-05-03 10:41:13.644887,DoubleDQN_1024_CPU
-174.40385,False,80,2025-05-03 10:41:13.644887,DoubleDQN_1024_CPU
124.76082,False,86,2025-05-03 10:41:13.644887,DoubleDQN_1024_CPU
1711.00301,True,57,2025-05-03 10:41:13.644887,DoubleDQN_1024_CPU
190.57006,False,56,2025-05-03 10:41:13.644887,DoubleDQN_1024_CPU
225.29443,False,52,2025-05-03 10:41:13.644887,DoubleDQN_1024_CPU
1311.93682,True,75,2025-05-03 10:41:13.644887,DoubleDQN_1024_CPU
-16.50135,False,54,2025-05-03 10:41:13.644887,DoubleDQN_1024_CPU
-158.40301,False,71,2025-05-03 10:41:13.644887,DoubleDQN_1024_CPU
-260.46453,False,65,2025-05-03 10:41:13.644887,DoubleDQN_1024_CPU
-15.47594,False,63,2025-05-03 10:41:13.644887,DoubleDQN_1024_CPU
1800.56447,True,56,2025-05-03 10:41:13.644887,DoubleDQN_1024_CPU
286.72363,False,80,2025-05-03 10:41:13.644887,DoubleDQN_1024_CPU
-244.10318,False,54,2025-05-03 10:41:13.644887,DoubleDQN_1024_CPU
130.07026,False,54,2025-05-03 10:41:13.644887,DoubleDQN_1024_CPU
720.16602,False,77,2025-05-03 10:41:13.644887,DoubleDQN_1024_CPU
1458.73080,True,55,2025-05-03 10:41:13.644887,DoubleDQN_1024_CPU
1891.34383,True,52,2025-05-03 10:41:13.644887,DoubleDQN_1024_CPU
-164.53011,False,69,2025-05-03 10:41:13.644887,DoubleDQN_1024_CPU
-159.62631,False,58,2025-05-03 10:41:13.644887,DoubleDQN_1024_CPU
-207.21769,False,52,2025-05-03 10:41:13.644887,DoubleDQN_1024_CPU
-9.80271,False,84,2025-05-03 10:41:13.644887,DoubleDQN_1024_CPU
-65.54365,False,78,2025-05-03 10:41:13.644887,DoubleDQN_1024_CPU
1395.60909,True,53,2025-05-03 10:41:13.644887,DoubleDQN_1024_CPU
1484.68005,True,60,2025-05-03 10:41:13.644887,DoubleDQN_1024_CPU
1428.98920,True,54,2025-05-03 10:41:13.644887,DoubleDQN_1024_CPU
1471.82097,True,60,2025-05-03 10:41:13.644887,DoubleDQN_1024_CPU
1602.86854,True,59,2025-05-03 10:41:13.644887,DoubleDQN_1024_CPU
1421.77369,True,62,2025-05-03 10:41:13.644887,DoubleDQN_1024_CPU
276.70237,False,54,2025-05-03 10:41:13.644887,DoubleDQN_1024_CPU
1765.23262,True,56,2025-05-03 10:41:13.644887,DoubleDQN_1024_CPU
1440.99963,True,60,2025-05-03 10:41:13.644887,DoubleDQN_1024_CPU
-149.74892,False,59,2025-05-03 10:41:13.644887,DoubleDQN_1024_CPU
208.44326,False,88,2025-05-03 10:41:13.644887,DoubleDQN_1024_CPU
1745.73308,True,54,2025-05-03 10:41:13.644887,DoubleDQN_1024_CPU
1810.18549,True,50,2025-05-03 10:41:13.644887,DoubleDQN_1024_CPU
1514.14111,True,55,2025-05-03 10:41:13.644887,DoubleDQN_1024_CPU
-67.80410,False,57,2025-05-03 10:41:13.644887,DoubleDQN_1024_CPU
1815.09815,True,59,2025-05-03 10:41:13.644887,DoubleDQN_1024_CPU
156.87215,False,88,2025-05-03 10:41:13.644887,DoubleDQN_1024_CPU
15.94473,False,49,2025-05-03 10:41:13.644887,DoubleDQN_1024_CPU
1894.61523,True,54,2025-05-03 10:41:13.644887,DoubleDQN_1024_CPU
1624.59246,True,61,2025-05-03 10:41:13.644887,DoubleDQN_1024_CPU
1789.44313,True,58,2025-05-03 10:41:13.644887,DoubleDQN_1024_CPU
-136.58229,False,46,2025-05-03 10:41:13.644887,DoubleDQN_1024_CPU
681.67968,False,89,2025-05-03 10:41:13.644887,DoubleDQN_1024_CPU
1619.43858,True,56,2025-05-03 10:41:13.644887,DoubleDQN_1024_CPU
1522.17379,True,55,2025-05-03 10:41:13.644887,DoubleDQN_1024_CPU
1369.17942,True,61,2025-05-03 10:41:13.644887,DoubleDQN_1024_CPU
1401.90766,True,57,2025-05-03 10:41:13.644887,DoubleDQN_1024_CPU
101.47450,False,57,2025-05-03 10:41:13.644887,DoubleDQN_1024_CPU
1753.90288,True,49,2025-05-03 10:41:13.644887,DoubleDQN_1024_CPU
1403.37968,True,55,2025-05-03 10:41:13.644887,DoubleDQN_1024_CPU
-213.54102,False,76,2025-05-03 10:41:13.644887,DoubleDQN_1024_CPU
-13.85887,False,88,2025-05-03 10:41:13.644887,DoubleDQN_1024_CPU
1354.33990,True,60,2025-05-03 10:41:13.644887,DoubleDQN_1024_CPU
1900.99337,True,51,2025-05-03 10:41:13.644887,DoubleDQN_1024_CPU
17.92608,False,86,2025-05-03 10:41:13.644887,DoubleDQN_1024_CPU
266.79763,False,87,2025-05-03 10:41:13.644887,DoubleDQN_1024_CPU
-159.93784,False,57,2025-05-03 10:41:13.644887,DoubleDQN_1024_CPU
-44.21196,False,84,2025-05-03 10:41:13.644887,DoubleDQN_1024_CPU
1526.97558,True,59,2025-05-03 10:41:13.644887,DoubleDQN_1024_CPU
1582.76196,True,61,2025-05-03 10:41:13.644887,DoubleDQN_1024_CPU
78.19310,False,61,2025-05-03 10:41:13.644887,DoubleDQN_1024_CPU
1665.55822,True,67,2025-05-03 10:41:13.644887,DoubleDQN_1024_CPU
-82.68914,False,60,2025-05-03 10:41:13.644887,DoubleDQN_1024_CPU
1318.75186,True,72,2025-05-03 10:41:13.644887,DoubleDQN_1024_CPU
1559.08705,True,56,2025-05-03 10:41:13.644887,DoubleDQN_1024_CPU
158.95553,False,88,2025-05-03 10:41:13.644887,DoubleDQN_1024_CPU
1854.13754,True,50,2025-05-03 10:41:13.644887,DoubleDQN_1024_CPU
1385.37498,True,66,2025-05-03 10:41:13.644887,DoubleDQN_1024_CPU
1774.70080,True,55,2025-05-03 10:41:13.644887,DoubleDQN_1024_CPU
1598.33905,True,55,2025-05-03 10:41:13.644887,DoubleDQN_1024_CPU
1431.49870,True,60,2025-05-03 10:41:13.644887,DoubleDQN_1024_CPU
-153.29893,False,80,2025-05-03 10:41:13.644887,DoubleDQN_1024_CPU
0.85768,False,97,2025-05-03 10:41:13.644887,DoubleDQN_1024_CPU
1362.53045,True,55,2025-05-03 10:41:13.644887,DoubleDQN_1024_CPU
-151.22469,False,67,2025-05-03 10:41:13.644887,DoubleDQN_1024_CPU
17.74699,False,82,2025-05-03 10:41:13.644887,DoubleDQN_1024_CPU
1761.43522,True,45,2025-05-03 10:41:13.644887,DoubleDQN_1024_CPU
1319.19948,True,65,2025-05-03 10:41:13.644887,DoubleDQN_1024_CPU
44.65594,False,46,2025-05-03 10:41:13.644887,DoubleDQN_1024_CPU
1726.37512,True,55,2025-05-03 10:41:13.644887,DoubleDQN_1024_CPU
1425.18009,True,53,2025-05-03 10:41:13.644887,DoubleDQN_1024_CPU
8.73600,False,48,2025-05-03 10:41:13.644887,DoubleDQN_1024_CPU
12.51501,False,124,2025-05-03 10:41:13.644887,DoubleDQN_1024_CPU
1399.99981,True,60,2025-05-03 10:41:13.644887,DoubleDQN_1024_CPU
1852.06870,True,53,2025-05-03 10:41:13.644887,DoubleDQN_1024_CPU
1509.31945,True,58,2025-05-03 10:41:13.644887,DoubleDQN_1024_CPU
-127.37942,False,49,2025-05-03 10:41:13.644887,DoubleDQN_1024_CPU
441.16454,False,91,2025-05-03 10:41:13.644887,DoubleDQN_1024_CPU
1735.10379,True,55,2025-05-03 10:41:13.644887,DoubleDQN_1024_CPU
483.64943,False,84,2025-05-03 10:41:13.644887,DoubleDQN_1024_CPU
1725.88787,True,56,2025-05-03 10:41:13.644887,DoubleDQN_1024_CPU
102.59038,False,46,2025-05-03 10:41:13.644887,DoubleDQN_1024_CPU
1507.02953,True,54,2025-05-03 10:41:13.644887,DoubleDQN_1024_CPU
1997.15591,True,51,2025-05-03 10:41:13.644887,DoubleDQN_1024_CPU
178.64154,False,54,2025-05-03 10:41:13.644887,DoubleDQN_1024_CPU
264.88530,False,63,2025-05-03 10:41:13.644887,DoubleDQN_1024_CPU
-23.91379,False,49,2025-05-03 10:41:13.644887,DoubleDQN_1024_CPU
1623.04888,True,59,2025-05-03 10:41:13.644887,DoubleDQN_1024_CPU
1385.91313,True,65,2025-05-03 10:41:13.644887,DoubleDQN_1024_CPU
746.97534,False,77,2025-05-03 10:41:13.644887,DoubleDQN_1024_CPU
69.32181,False,52,2025-05-03 10:41:13.644887,DoubleDQN_1024_CPU
1601.93396,True,60,2025-05-03 10:41:13.644887,DoubleDQN_1024_CPU
1796.33488,True,54,2025-05-03 10:41:13.644887,DoubleDQN_1024_CPU
-147.19944,False,67,2025-05-03 10:41:13.644887,DoubleDQN_1024_CPU
1843.90815,True,55,2025-05-03 10:41:13.644887,DoubleDQN_1024_CPU
1631.44235,True,59,2025-05-03 10:41:13.644887,DoubleDQN_1024_CPU
1778.23157,True,55,2025-05-03 10:41:13.644887,DoubleDQN_1024_CPU
-251.17303,False,54,2025-05-03 10:41:13.644887,DoubleDQN_1024_CPU
1738.76407,True,55,2025-05-03 10:41:13.644887,DoubleDQN_1024_CPU
1762.11263,True,53,2025-05-03 10:41:13.644887,DoubleDQN_1024_CPU
1908.18348,True,49,2025-05-03 10:41:13.644887,DoubleDQN_1024_CPU
-58.04580,False,76,2025-05-03 10:41:13.644887,DoubleDQN_1024_CPU
6.53887,False,49,2025-05-03 10:41:13.644887,DoubleDQN_1024_CPU
-248.10466,False,56,2025-05-03 10:41:13.644887,DoubleDQN_1024_CPU
1377.35959,True,59,2025-05-03 10:41:13.644887,DoubleDQN_1024_CPU
1418.19460,True,54,2025-05-03 10:41:13.644887,DoubleDQN_1024_CPU
-162.42790,False,56,2025-05-03 10:41:13.644887,DoubleDQN_1024_CPU
1414.72748,True,58,2025-05-03 10:41:13.644887,DoubleDQN_1024_CPU
1329.60735,True,65,2025-05-03 10:41:13.644887,DoubleDQN_1024_CPU
1740.01879,True,56,2025-05-03 10:41:13.644887,DoubleDQN_1024_CPU
1825.21356,True,55,2025-05-03 10:41:13.644887,DoubleDQN_1024_CPU
622.33203,False,79,2025-05-03 10:41:13.644887,DoubleDQN_1024_CPU
273.77423,False,114,2025-05-03 10:41:13.644887,DoubleDQN_1024_CPU
1441.14671,True,59,2025-05-03 10:41:13.644887,DoubleDQN_1024_CPU
1725.99117,True,58,2025-05-03 10:41:13.644887,DoubleDQN_1024_CPU
1549.10461,True,51,2025-05-03 10:41:13.644887,DoubleDQN_1024_CPU
1340.30541,True,60,2025-05-03 10:41:13.644887,DoubleDQN_1024_CPU
-10.80282,False,51,2025-05-03 10:41:13.644887,DoubleDQN_1024_CPU
1900.57579,True,61,2025-05-03 10:41:13.644887,DoubleDQN_1024_CPU
1470.99660,True,59,2025-05-03 10:41:13.644887,DoubleDQN_1024_CPU
-186.70514,False,57,2025-05-03 10:41:13.644887,DoubleDQN_1024_CPU
64.80935,False,50,2025-05-03 10:41:13.644887,DoubleDQN_1024_CPU
1576.03159,True,60,2025-05-03 10:41:13.644887,DoubleDQN_1024_CPU
12.07676,False,50,2025-05-03 10:41:13.644887,DoubleDQN_1024_CPU
-103.30542,False,56,2025-05-03 10:41:13.644887,DoubleDQN_1024_CPU
-52.01059,False,86,2025-05-03 10:41:13.644887,DoubleDQN_1024_CPU
-169.78546,False,55,2025-05-03 10:41:13.644887,DoubleDQN_1024_CPU
1429.64045,True,60,2025-05-03 10:41:13.644887,DoubleDQN_1024_CPU
81.30674,False,85,2025-05-03 10:41:13.644887,DoubleDQN_1024_CPU
1353.55592,True,64,2025-05-03 10:41:13.644887,DoubleDQN_1024_CPU
1824.08904,True,54,2025-05-03 10:41:13.644887,DoubleDQN_1024_CPU
-198.28708,False,60,2025-05-03 10:41:13.644887,DoubleDQN_1024_CPU
1512.88371,True,58,2025-05-03 10:41:13.644887,DoubleDQN_1024_CPU
1553.15828,True,59,2025-05-03 10:41:13.644887,DoubleDQN_1024_CPU
1638.76667,True,60,2025-05-03 10:41:13.644887,DoubleDQN_1024_CPU
326.10192,False,71,2025-05-03 10:41:13.644887,DoubleDQN_1024_CPU
-118.54564,False,62,2025-05-03 10:41:13.644887,DoubleDQN_1024_CPU
74.85918,False,9,2025-05-03 10:41:13.644887,DoubleDQN_1024_CPU
1810.09159,True,54,2025-05-03 10:41:13.644887,DoubleDQN_1024_CPU
154.64687,False,87,2025-05-03 10:41:13.644887,DoubleDQN_1024_CPU
1393.76349,True,61,2025-05-03 10:41:13.644887,DoubleDQN_1024_CPU
-157.92369,False,44,2025-05-03 10:41:13.644887,DoubleDQN_1024_CPU
-163.92933,False,58,2025-05-03 10:41:13.644887,DoubleDQN_1024_CPU
1895.93289,True,49,2025-05-03 10:41:13.644887,DoubleDQN_1024_CPU
1646.63005,True,53,2025-05-03 10:41:13.644887,DoubleDQN_1024_CPU
-237.03864,False,50,2025-05-03 10:41:13.644887,DoubleDQN_1024_CPU
-56.11074,False,89,2025-05-03 10:41:13.644887,DoubleDQN_1024_CPU
-256.87604,False,67,2025-05-03 10:41:13.644887,DoubleDQN_1024_CPU
0.68819,False,81,2025-05-03 10:41:13.644887,DoubleDQN_1024_CPU
-259.91015,False,58,2025-05-03 10:41:13.644887,DoubleDQN_1024_CPU
1673.63221,True,56,2025-05-03 10:41:13.644887,DoubleDQN_1024_CPU
-227.15262,False,56,2025-05-03 10:41:13.644887,DoubleDQN_1024_CPU
-127.35765,False,47,2025-05-03 10:41:13.644887,DoubleDQN_1024_CPU
370.71420,False,70,2025-05-03 10:41:13.644887,DoubleDQN_1024_CPU
1788.74486,True,59,2025-05-03 10:41:13.644887,DoubleDQN_1024_CPU
1942.38257,True,48,2025-05-03 10:41:13.644887,DoubleDQN_1024_CPU
-170.52624,False,83,2025-05-03 10:41:13.644887,DoubleDQN_1024_CPU
1793.58017,True,58,2025-05-03 10:41:13.644887,DoubleDQN_1024_CPU
1423.17156,True,58,2025-05-03 10:41:13.644887,DoubleDQN_1024_CPU
1616.51226,True,58,2025-05-03 10:41:13.644887,DoubleDQN_1024_CPU
234.61788,False,83,2025-05-03 10:41:13.644887,DoubleDQN_1024_CPU
252.01518,False,87,2025-05-03 10:41:13.644887,DoubleDQN_1024_CPU
1752.47555,True,53,2025-05-03 10:41:13.644887,DoubleDQN_1024_CPU
1707.45606,True,56,2025-05-03 10:41:13.644887,DoubleDQN_1024_CPU
786.69334,False,81,2025-05-03 10:41:13.644887,DoubleDQN_1024_CPU
-148.67568,False,62,2025-05-03 10:41:13.644887,DoubleDQN_1024_CPU
-249.68411,False,59,2025-05-03 10:41:13.644887,DoubleDQN_1024_CPU
80.45252,False,53,2025-05-03 10:41:13.644887,DoubleDQN_1024_CPU
1663.19759,True,55,2025-05-03 10:41:13.644887,DoubleDQN_1024_CPU
98.80327,False,81,2025-05-03 10:41:13.644887,DoubleDQN_1024_CPU
1400.50346,True,62,2025-05-03 10:41:13.644887,DoubleDQN_1024_CPU
237.72509,False,90,2025-05-03 10:41:13.644887,DoubleDQN_1024_CPU
1525.07839,True,61,2025-05-03 10:41:13.644887,DoubleDQN_1024_CPU
1715.53334,True,55,2025-05-03 10:41:13.644887,DoubleDQN_1024_CPU
1578.56524,True,56,2025-05-03 10:41:13.644887,DoubleDQN_1024_CPU
1519.97038,True,58,2025-05-03 10:41:13.644887,DoubleDQN_1024_CPU
1973.29053,True,49,2025-05-03 10:41:13.644887,DoubleDQN_1024_CPU
-214.03116,False,68,2025-05-03 10:41:13.644887,DoubleDQN_1024_CPU
-204.58557,False,61,2025-05-03 10:41:13.644887,DoubleDQN_1024_CPU
-189.39046,False,57,2025-05-03 10:41:13.644887,DoubleDQN_1024_CPU
54.33590,False,52,2025-05-03 10:41:13.644887,DoubleDQN_1024_CPU
1713.09738,True,60,2025-05-03 10:41:13.644887,DoubleDQN_1024_CPU
1569.24557,True,57,2025-05-03 10:41:13.644887,DoubleDQN_1024_CPU
1721.04725,True,54,2025-05-03 10:41:13.644887,DoubleDQN_1024_CPU
-135.06512,False,60,2025-05-03 10:41:13.644887,DoubleDQN_1024_CPU
189.44041,False,99,2025-05-03 10:41:13.644887,DoubleDQN_1024_CPU
1775.47601,True,52,2025-05-03 10:41:13.644887,DoubleDQN_1024_CPU
70.35905,False,54,2025-05-03 10:41:13.644887,DoubleDQN_1024_CPU
1799.69111,True,55,2025-05-03 10:41:13.644887,DoubleDQN_1024_CPU
1342.32586,True,64,2025-05-03 10:41:13.644887,DoubleDQN_1024_CPU
-238.61711,False,58,2025-05-03 10:41:13.644887,DoubleDQN_1024_CPU
1611.50020,True,57,2025-05-03 10:41:13.644887,DoubleDQN_1024_CPU
-97.00973,False,63,2025-05-03 10:41:13.644887,DoubleDQN_1024_CPU
1725.81507,True,54,2025-05-03 10:41:13.644887,DoubleDQN_1024_CPU
1834.01715,True,53,2025-05-03 10:41:13.644887,DoubleDQN_1024_CPU
1929.64113,True,49,2025-05-03 10:41:13.644887,DoubleDQN_1024_CPU
1328.87247,True,64,2025-05-03 10:41:13.644887,DoubleDQN_1024_CPU
1472.73729,True,49,2025-05-03 10:41:13.644887,DoubleDQN_1024_CPU
-145.68715,False,55,2025-05-03 10:41:13.644887,DoubleDQN_1024_CPU
1597.08624,True,56,2025-05-03 10:41:13.644887,DoubleDQN_1024_CPU
305.95295,False,109,2025-05-03 10:41:13.644887,DoubleDQN_1024_CPU
1352.45539,True,62,2025-05-03 10:41:13.644887,DoubleDQN_1024_CPU
1586.83876,True,56,2025-05-03 10:41:13.644887,DoubleDQN_1024_CPU
632.71561,False,93,2025-05-03 10:41:13.644887,DoubleDQN_1024_CPU
1330.14924,True,67,2025-05-03 10:41:13.644887,DoubleDQN_1024_CPU
-160.09238,False,66,2025-05-03 10:41:13.644887,DoubleDQN_1024_CPU
1540.64547,True,57,2025-05-03 10:41:13.644887,DoubleDQN_1024_CPU
1514.03656,True,59,2025-05-03 10:41:13.644887,DoubleDQN_1024_CPU
1694.37154,True,59,2025-05-03 10:41:13.644887,DoubleDQN_1024_CPU
-130.77654,False,62,2025-05-03 10:41:13.644887,DoubleDQN_1024_CPU
1334.67882,True,66,2025-05-03 10:41:13.644887,DoubleDQN_1024_CPU
-202.06502,False,57,2025-05-03 10:41:13.644887,DoubleDQN_1024_CPU
-220.21080,False,54,2025-05-03 10:41:13.644887,DoubleDQN_1024_CPU
1654.29965,True,55,2025-05-03 10:41:13.644887,DoubleDQN_1024_CPU
148.51945,False,65,2025-05-03 10:41:13.644887,DoubleDQN_1024_CPU
1353.84091,True,66,2025-05-03 10:41:13.644887,DoubleDQN_1024_CPU
2039.08253,True,48,2025-05-03 10:41:13.644887,DoubleDQN_1024_CPU
-259.65081,False,52,2025-05-03 10:41:13.644887,DoubleDQN_1024_CPU
1672.08856,True,53,2025-05-03 10:41:13.644887,DoubleDQN_1024_CPU
1704.49996,True,55,2025-05-03 10:41:13.644887,DoubleDQN_1024_CPU
314.57774,False,91,2025-05-03 10:41:13.644887,DoubleDQN_1024_CPU
744.40136,False,99,2025-05-03 10:41:13.644887,DoubleDQN_1024_CPU
1421.26417,True,64,2025-05-03 10:41:13.644887,DoubleDQN_1024_CPU
-95.91976,False,52,2025-05-03 10:41:13.644887,DoubleDQN_1024_CPU
1580.33797,True,59,2025-05-03 10:41:13.644887,DoubleDQN_1024_CPU
645.00007,False,93,2025-05-03 10:41:13.644887,DoubleDQN_1024_CPU
121.28167,False,49,2025-05-03 10:41:13.644887,DoubleDQN_1024_CPU
1518.06725,True,54,2025-05-03 10:41:13.644887,DoubleDQN_1024_CPU
-120.11377,False,50,2025-05-03 10:41:13.644887,DoubleDQN_1024_CPU
-50.86467,False,52,2025-05-03 10:41:13.644887,DoubleDQN_1024_CPU
162.70624,False,69,2025-05-03 10:41:13.644887,DoubleDQN_1024_CPU
1772.26625,True,55,2025-05-03 10:41:13.644887,DoubleDQN_1024_CPU
1341.75325,True,73,2025-05-03 10:41:13.644887,DoubleDQN_1024_CPU
-235.68638,False,52,2025-05-03 10:41:13.644887,DoubleDQN_1024_CPU
89.34682,False,79,2025-05-03 10:41:13.644887,DoubleDQN_1024_CPU
-6.84558,False,52,2025-05-03 10:41:13.644887,DoubleDQN_1024_CPU
122.94820,False,68,2025-05-03 10:41:13.644887,DoubleDQN_1024_CPU
-155.13365,False,55,2025-05-03 10:41:13.644887,DoubleDQN_1024_CPU
-54.62710,False,52,2025-05-03 10:41:13.644887,DoubleDQN_1024_CPU
1700.37526,True,57,2025-05-03 10:41:13.644887,DoubleDQN_1024_CPU
1480.59696,True,53,2025-05-03 10:41:13.644887,DoubleDQN_1024_CPU
1632.45493,True,63,2025-05-03 10:41:13.644887,DoubleDQN_1024_CPU
57.10445,False,79,2025-05-03 10:41:13.644887,DoubleDQN_1024_CPU
-263.16457,False,61,2025-05-03 10:41:13.644887,DoubleDQN_1024_CPU
105.34241,False,62,2025-05-03 10:41:13.644887,DoubleDQN_1024_CPU
1508.82703,True,57,2025-05-03 10:41:13.644887,DoubleDQN_1024_CPU
-245.72408,False,61,2025-05-03 10:41:13.644887,DoubleDQN_1024_CPU
1429.91334,True,53,2025-05-03 10:41:13.644887,DoubleDQN_1024_CPU
1603.04217,True,60,2025-05-03 10:41:13.644887,DoubleDQN_1024_CPU
1676.02489,True,54,2025-05-03 10:41:13.644887,DoubleDQN_1024_CPU
1694.56841,True,55,2025-05-03 10:41:13.644887,DoubleDQN_1024_CPU
18.40090,False,50,2025-05-03 10:41:13.644887,DoubleDQN_1024_CPU
-56.27066,False,59,2025-05-03 10:41:13.644887,DoubleDQN_1024_CPU
87.35224,False,56,2025-05-03 10:41:13.644887,DoubleDQN_1024_CPU
1519.07015,True,63,2025-05-03 10:41:13.644887,DoubleDQN_1024_CPU
-208.75930,False,55,2025-05-03 10:41:13.644887,DoubleDQN_1024_CPU
1679.54533,True,55,2025-05-03 10:41:13.644887,DoubleDQN_1024_CPU
1604.95807,True,62,2025-05-03 10:41:13.644887,DoubleDQN_1024_CPU
1519.65337,True,57,2025-05-03 10:41:13.644887,DoubleDQN_1024_CPU
408.70467,False,120,2025-05-03 10:41:13.644887,DoubleDQN_1024_CPU
1611.62765,True,62,2025-05-03 10:41:13.644887,DoubleDQN_1024_CPU
53.50658,False,48,2025-05-03 10:41:13.644887,DoubleDQN_1024_CPU
1437.25717,True,61,2025-05-03 10:41:13.644887,DoubleDQN_1024_CPU
1422.82810,True,76,2025-05-03 10:41:13.644887,DoubleDQN_1024_CPU
1733.94725,True,51,2025-05-03 10:41:13.644887,DoubleDQN_1024_CPU
1673.13145,True,52,2025-05-03 10:41:13.644887,DoubleDQN_1024_CPU
1502.70250,True,58,2025-05-03 10:41:13.644887,DoubleDQN_1024_CPU
1418.25754,True,63,2025-05-03 10:41:13.644887,DoubleDQN_1024_CPU
468.31967,False,87,2025-05-03 10:41:13.644887,DoubleDQN_1024_CPU
1743.28153,True,58,2025-05-03 10:41:13.644887,DoubleDQN_1024_CPU
1314.34844,True,73,2025-05-03 10:41:13.644887,DoubleDQN_1024_CPU
-85.14518,False,78,2025-05-03 10:41:13.644887,DoubleDQN_1024_CPU
777.62293,False,75,2025-05-03 10:41:13.644887,DoubleDQN_1024_CPU
1500.51878,True,61,2025-05-03 10:41:13.644887,DoubleDQN_1024_CPU
7.71314,False,88,2025-05-03 10:41:13.644887,DoubleDQN_1024_CPU
1429.02160,True,55,2025-05-03 10:41:13.644887,DoubleDQN_1024_CPU
1691.57228,True,56,2025-05-03 10:41:13.644887,DoubleDQN_1024_CPU
1621.78279,True,62,2025-05-03 10:41:13.644887,DoubleDQN_1024_CPU
-137.83312,False,59,2025-05-03 10:41:13.644887,DoubleDQN_1024_CPU
1883.03207,True,48,2025-05-03 10:41:13.644887,DoubleDQN_1024_CPU
1445.52611,True,59,2025-05-03 10:41:13.644887,DoubleDQN_1024_CPU
1567.15209,True,53,2025-05-03 10:41:13.644887,DoubleDQN_1024_CPU
1512.43430,True,52,2025-05-03 10:41:13.644887,DoubleDQN_1024_CPU
53.58876,False,66,2025-05-03 10:41:13.644887,DoubleDQN_1024_CPU
1772.79308,True,48,2025-05-03 10:41:13.644887,DoubleDQN_1024_CPU
1468.15495,True,62,2025-05-03 10:41:13.644887,DoubleDQN_1024_CPU
79.27048,False,93,2025-05-03 10:41:13.644887,DoubleDQN_1024_CPU
1461.60690,True,67,2025-05-03 10:41:13.644887,DoubleDQN_1024_CPU
-146.80435,False,48,2025-05-03 10:41:13.644887,DoubleDQN_1024_CPU
1477.52143,True,60,2025-05-03 10:41:13.644887,DoubleDQN_1024_CPU
-63.74903,False,52,2025-05-03 10:41:13.644887,DoubleDQN_1024_CPU
1362.34153,True,63,2025-05-03 10:41:13.644887,DoubleDQN_1024_CPU
-114.21893,False,66,2025-05-03 10:41:13.644887,DoubleDQN_1024_CPU
1621.23900,True,53,2025-05-03 10:41:13.644887,DoubleDQN_1024_CPU
-142.90502,False,87,2025-05-03 10:41:13.644887,DoubleDQN_1024_CPU
1594.05108,True,51,2025-05-03 10:41:13.644887,DoubleDQN_1024_CPU
1746.71746,True,51,2025-05-03 10:41:13.644887,DoubleDQN_1024_CPU
1966.19175,True,54,2025-05-03 10:41:13.644887,DoubleDQN_1024_CPU
1633.70480,True,61,2025-05-03 10:41:13.644887,DoubleDQN_1024_CPU
1452.20219,True,69,2025-05-03 10:41:13.644887,DoubleDQN_1024_CPU
1778.56128,True,57,2025-05-03 10:41:13.644887,DoubleDQN_1024_CPU
-64.94079,False,50,2025-05-03 10:41:13.644887,DoubleDQN_1024_CPU
1812.35686,True,52,2025-05-03 10:41:13.644887,DoubleDQN_1024_CPU
1340.29117,True,69,2025-05-03 10:41:13.644887,DoubleDQN_1024_CPU
-249.28156,False,64,2025-05-03 10:41:13.644887,DoubleDQN_1024_CPU
1387.64021,True,59,2025-05-03 10:41:13.644887,DoubleDQN_1024_CPU
728.27137,False,76,2025-05-03 10:41:13.644887,DoubleDQN_1024_CPU
1730.13066,True,50,2025-05-03 10:41:13.644887,DoubleDQN_1024_CPU
1625.03500,True,55,2025-05-03 10:41:13.644887,DoubleDQN_1024_CPU
1520.37196,True,64,2025-05-03 10:41:13.644887,DoubleDQN_1024_CPU
1536.26330,True,58,2025-05-03 10:41:13.644887,DoubleDQN_1024_CPU
130.42954,False,55,2025-05-03 10:41:13.644887,DoubleDQN_1024_CPU
84.05392,False,86,2025-05-03 10:41:13.644887,DoubleDQN_1024_CPU
1479.10447,True,56,2025-05-03 10:41:13.644887,DoubleDQN_1024_CPU
1415.31645,True,59,2025-05-03 10:41:13.644887,DoubleDQN_1024_CPU
1455.41974,True,57,2025-05-03 10:41:13.644887,DoubleDQN_1024_CPU
61.33093,False,77,2025-05-03 10:41:13.644887,DoubleDQN_1024_CPU
-246.50250,False,52,2025-05-03 10:41:13.644887,DoubleDQN_1024_CPU
1645.04438,True,60,2025-05-03 10:41:13.644887,DoubleDQN_1024_CPU
1551.17410,True,61,2025-05-03 10:41:13.644887,DoubleDQN_1024_CPU
146.32280,False,60,2025-05-03 10:41:13.644887,DoubleDQN_1024_CPU
1693.81248,True,56,2025-05-03 10:41:13.644887,DoubleDQN_1024_CPU
1713.37246,True,53,2025-05-03 10:41:13.644887,DoubleDQN_1024_CPU
754.15873,False,77,2025-05-03 10:41:13.644887,DoubleDQN_1024_CPU
359.24792,False,92,2025-05-03 10:41:13.644887,DoubleDQN_1024_CPU
1324.37226,True,73,2025-05-03 10:41:13.644887,DoubleDQN_1024_CPU
1410.88773,True,63,2025-05-03 10:41:13.644887,DoubleDQN_1024_CPU
1630.61124,True,63,2025-05-03 10:41:13.644887,DoubleDQN_1024_CPU
-123.80416,False,51,2025-05-03 10:41:13.644887,DoubleDQN_1024_CPU
1585.90775,True,54,2025-05-03 10:41:13.644887,DoubleDQN_1024_CPU
1386.83530,True,62,2025-05-03 10:41:13.644887,DoubleDQN_1024_CPU
1629.56681,True,61,2025-05-03 10:41:13.644887,DoubleDQN_1024_CPU
-64.06367,False,48,2025-05-03 10:41:13.644887,DoubleDQN_1024_CPU
-55.22471,False,51,2025-05-03 10:41:13.644887,DoubleDQN_1024_CPU
325.75363,False,77,2025-05-03 10:41:13.644887,DoubleDQN_1024_CPU
1596.22794,True,58,2025-05-03 10:41:13.644887,DoubleDQN_1024_CPU
1710.20196,True,54,2025-05-03 10:41:13.644887,DoubleDQN_1024_CPU
1382.15752,True,65,2025-05-03 10:41:13.644887,DoubleDQN_1024_CPU
1312.36354,True,78,2025-05-03 10:41:13.644887,DoubleDQN_1024_CPU
553.20037,False,78,2025-05-03 10:41:13.644887,DoubleDQN_1024_CPU
27.24485,False,53,2025-05-03 10:41:13.644887,DoubleDQN_1024_CPU
1443.33886,True,53,2025-05-03 10:41:13.644887,DoubleDQN_1024_CPU
185.59874,False,52,2025-05-03 10:41:13.644887,DoubleDQN_1024_CPU
806.48796,False,79,2025-05-03 10:41:13.644887,DoubleDQN_1024_CPU
645.80194,False,109,2025-05-03 10:41:13.644887,DoubleDQN_1024_CPU
-37.78996,False,58,2025-05-03 10:41:13.644887,DoubleDQN_1024_CPU
-256.67680,False,65,2025-05-03 10:41:13.644887,DoubleDQN_1024_CPU
1531.27875,True,58,2025-05-03 10:41:13.644887,DoubleDQN_1024_CPU
271.07956,False,92,2025-05-03 10:41:13.644887,DoubleDQN_1024_CPU
-192.63115,False,66,2025-05-03 10:41:13.644887,DoubleDQN_1024_CPU
1762.13648,True,53,2025-05-03 10:41:13.644887,DoubleDQN_1024_CPU
-251.24811,False,51,2025-05-03 10:41:13.644887,DoubleDQN_1024_CPU
1319.36626,True,66,2025-05-03 10:41:13.644887,DoubleDQN_1024_CPU
-24.38970,False,44,2025-05-03 10:41:13.644887,DoubleDQN_1024_CPU
-260.60017,False,57,2025-05-03 10:41:13.644887,DoubleDQN_1024_CPU
1315.80555,True,69,2025-05-03 10:41:13.644887,DoubleDQN_1024_CPU
1631.39847,True,61,2025-05-03 10:41:13.644887,DoubleDQN_1024_CPU
-158.70421,False,66,2025-05-03 10:41:13.644887,DoubleDQN_1024_CPU
1405.75025,True,52,2025-05-03 10:41:13.644887,DoubleDQN_1024_CPU
1488.93204,True,60,2025-05-03 10:41:13.644887,DoubleDQN_1024_CPU
1743.94165,True,54,2025-05-03 10:41:13.644887,DoubleDQN_1024_CPU
-132.52362,False,55,2025-05-03 10:41:13.644887,DoubleDQN_1024_CPU
1616.43148,True,63,2025-05-03 10:41:13.644887,DoubleDQN_1024_CPU
1558.63607,True,65,2025-05-03 10:41:13.644887,DoubleDQN_1024_CPU
-83.41302,False,79,2025-05-03 10:41:13.644887,DoubleDQN_1024_CPU
1487.89111,True,58,2025-05-03 10:41:13.644887,DoubleDQN_1024_CPU
4.23646,False,81,2025-05-03 10:41:13.644887,DoubleDQN_1024_CPU
1740.93068,True,53,2025-05-03 10:41:13.644887,DoubleDQN_1024_CPU
