Trajectory,Reward,Estimate,DiscountedReward,DateTime,ExperimentName
0,107.24167,0.072350815,44.39395,2024-11-10 18:34:43.531853,DQN
1,106.16852,0.072350815,36.93980,2024-11-10 18:34:43.531853,DQN
2,-0.47278,0.072350815,33.93080,2024-11-10 18:34:43.531853,DQN
3,30.72585,128.36713,30.61122,2024-11-10 18:34:43.531853,DQN
4,82.42133,401.06714,41.16251,2024-11-10 18:34:43.531853,DQN
5,-53.62002,1015.5682,38.71435,2024-11-10 18:34:43.531853,DQN
6,568.87447,13869.609,53.82575,2024-11-10 18:34:43.531853,DQN
7,82.62840,597781.75,21.64279,2024-11-10 18:34:43.531853,DQN
8,203.81769,1478274.0,61.79276,2024-11-10 18:34:43.531853,DQN
9,70.23068,3079841.0,27.54591,2024-11-10 18:34:43.531853,DQN
10,34.69693,4487758.5,35.22747,2024-11-10 18:34:43.531853,DQN
11,65.85918,5078302.5,13.99470,2024-11-10 18:34:43.531853,DQN
12,205.24167,5736901.0,41.19239,2024-11-10 18:34:43.531853,DQN
13,205.24167,5857186.0,32.68977,2024-11-10 18:34:43.531853,DQN
14,74.85918,6136500.5,61.52852,2024-11-10 18:34:43.531853,DQN
15,-98.32896,7229545.0,36.20718,2024-11-10 18:34:43.531853,DQN
16,-58.06433,10464377.0,4.99577,2024-11-10 18:34:43.531853,DQN
17,43.13542,14966188.0,66.83588,2024-11-10 18:34:43.531853,DQN
18,-193.31674,24516104.0,51.33070,2024-11-10 18:34:43.531853,DQN
19,147.24167,41667390.0,39.95660,2024-11-10 18:34:43.531853,DQN
20,-193.91332,51407296.0,13.11551,2024-11-10 18:34:43.531853,DQN
21,-150.68512,67532780.0,41.23751,2024-11-10 18:34:43.531853,DQN
22,205.24167,83948584.0,27.93605,2024-11-10 18:34:43.531853,DQN
23,-81.42865,93158910.0,11.63337,2024-11-10 18:34:43.531853,DQN
24,-261.94533,107751660.0,10.44521,2024-11-10 18:34:43.531853,DQN
25,-237.93933,134487760.0,56.96382,2024-11-10 18:34:43.531853,DQN
26,-94.74793,176257660.0,53.17769,2024-11-10 18:34:43.531853,DQN
27,-243.29853,198853090.0,31.37417,2024-11-10 18:34:43.531853,DQN
28,138.08669,222577010.0,38.40919,2024-11-10 18:34:43.531853,DQN
29,75.26166,239827440.0,41.79111,2024-11-10 18:34:43.531853,DQN
30,-63.09503,252678780.0,37.47105,2024-11-10 18:34:43.531853,DQN
31,118.24167,276950660.0,31.96860,2024-11-10 18:34:43.531853,DQN
32,-103.17376,293360640.0,29.50739,2024-11-10 18:34:43.531853,DQN
33,158.96254,307521020.0,33.39234,2024-11-10 18:34:43.531853,DQN
34,-259.19545,322530300.0,32.53853,2024-11-10 18:34:43.531853,DQN
35,-66.41082,345326430.0,14.08364,2024-11-10 18:34:43.531853,DQN
36,-244.84413,351346800.0,31.87378,2024-11-10 18:34:43.531853,DQN
37,-96.55727,378673730.0,26.99694,2024-11-10 18:34:43.531853,DQN
38,20.04052,409055100.0,36.65410,2024-11-10 18:34:43.531853,DQN
39,34.89034,419354100.0,20.60661,2024-11-10 18:34:43.531853,DQN
40,-192.15501,416383420.0,33.03178,2024-11-10 18:34:43.531853,DQN
41,205.24167,423588700.0,18.85487,2024-11-10 18:34:43.531853,DQN
42,-145.45237,435184770.0,10.34478,2024-11-10 18:34:43.531853,DQN
43,119.24167,474138800.0,-3.58391,2024-11-10 18:34:43.531853,DQN
44,-53.42974,485757730.0,36.32953,2024-11-10 18:34:43.531853,DQN
45,147.24167,524247800.0,41.50091,2024-11-10 18:34:43.531853,DQN
46,-103.57848,528404900.0,17.15334,2024-11-10 18:34:43.531853,DQN
47,78.15668,549194900.0,46.45173,2024-11-10 18:34:43.531853,DQN
48,147.24167,559861760.0,41.29502,2024-11-10 18:34:43.531853,DQN
49,112.49807,564727550.0,32.03437,2024-11-10 18:34:43.531853,DQN
50,-265.52811,585735100.0,3.94649,2024-11-10 18:34:43.531853,DQN
51,204.24167,598024900.0,52.48935,2024-11-10 18:34:43.531853,DQN
52,-214.04683,601377400.0,35.43417,2024-11-10 18:34:43.531853,DQN
53,31.78279,637454200.0,12.35007,2024-11-10 18:34:43.531853,DQN
54,-16.92500,644464450.0,24.96811,2024-11-10 18:34:43.531853,DQN
55,9.93772,649157500.0,-3.67976,2024-11-10 18:34:43.531853,DQN
56,-25.92500,659225500.0,-18.03785,2024-11-10 18:34:43.531853,DQN
57,205.24167,670264960.0,42.52777,2024-11-10 18:34:43.531853,DQN
58,65.85918,669981250.0,33.31810,2024-11-10 18:34:43.531853,DQN
59,75.85918,689087000.0,30.20926,2024-11-10 18:34:43.531853,DQN
60,73.82192,709508500.0,37.80625,2024-11-10 18:34:43.531853,DQN
61,-198.25663,725984060.0,19.41827,2024-11-10 18:34:43.531853,DQN
62,118.24167,746411260.0,32.65376,2024-11-10 18:34:43.531853,DQN
63,134.76267,758499840.0,13.86111,2024-11-10 18:34:43.531853,DQN
64,-148.46516,791724400.0,10.25859,2024-11-10 18:34:43.531853,DQN
65,-148.55709,837619140.0,47.85648,2024-11-10 18:34:43.531853,DQN
66,-275.00000,861472400.0,-168.16205,2024-11-10 18:34:43.531853,DQN
67,-11.03102,863911600.0,20.71656,2024-11-10 18:34:43.531853,DQN
68,-155.93000,877181060.0,-33.79282,2024-11-10 18:34:43.531853,DQN
69,-264.68333,905526140.0,-0.21737,2024-11-10 18:34:43.531853,DQN
70,-53.21442,948599700.0,11.72168,2024-11-10 18:34:43.531853,DQN
71,-4.80271,975205760.0,58.01814,2024-11-10 18:34:43.531853,DQN
72,-84.95335,1039778940.0,33.12828,2024-11-10 18:34:43.531853,DQN
73,-201.62172,1110942500.0,32.36384,2024-11-10 18:34:43.531853,DQN
74,-116.64667,1145794300.0,5.07950,2024-11-10 18:34:43.531853,DQN
75,-228.72413,1174816100.0,38.47438,2024-11-10 18:34:43.531853,DQN
76,-260.52333,1207918000.0,-14.17341,2024-11-10 18:34:43.531853,DQN
77,-232.21453,1242384800.0,42.00606,2024-11-10 18:34:43.531853,DQN
78,176.24167,1320149500.0,36.64103,2024-11-10 18:34:43.531853,DQN
79,55.83881,1350290000.0,13.15250,2024-11-10 18:34:43.531853,DQN
80,176.24167,1334137000.0,29.34731,2024-11-10 18:34:43.531853,DQN
81,-262.75233,1324353500.0,34.19516,2024-11-10 18:34:43.531853,DQN
82,75.85918,1380560500.0,14.36047,2024-11-10 18:34:43.531853,DQN
83,-268.61333,1404479200.0,10.15622,2024-11-10 18:34:43.531853,DQN
84,-219.38734,1441794000.0,34.00273,2024-11-10 18:34:43.531853,DQN
85,-232.27333,1477592800.0,-26.57936,2024-11-10 18:34:43.531853,DQN
86,-243.66333,1516131800.0,8.80824,2024-11-10 18:34:43.531853,DQN
87,-66.41082,1533259300.0,2.79582,2024-11-10 18:34:43.531853,DQN
88,119.24167,1522552000.0,5.55399,2024-11-10 18:34:43.531853,DQN
89,21.72585,1509690100.0,-11.64507,2024-11-10 18:34:43.531853,DQN
90,-275.06333,1480025100.0,0.28806,2024-11-10 18:34:43.531853,DQN
91,-259.23333,1471884900.0,15.42388,2024-11-10 18:34:43.531853,DQN
92,-146.26997,1466684400.0,36.69081,2024-11-10 18:34:43.531853,DQN
93,-183.43686,1457551600.0,41.42893,2024-11-10 18:34:43.531853,DQN
94,-145.15471,1440266000.0,23.08107,2024-11-10 18:34:43.531853,DQN
95,-275.00000,1463739600.0,-163.17237,2024-11-10 18:34:43.531853,DQN
96,-196.37083,1475537900.0,7.98844,2024-11-10 18:34:43.531853,DQN
97,-243.66333,1504097900.0,28.32798,2024-11-10 18:34:43.531853,DQN
98,-129.01620,1517371600.0,14.77171,2024-11-10 18:34:43.531853,DQN
99,-115.64667,1535698700.0,-14.92796,2024-11-10 18:34:43.531853,DQN
100,-197.19951,1548820600.0,80.75336,2024-11-10 18:34:43.531853,DQN
101,-243.68333,1565786100.0,-26.88376,2024-11-10 18:34:43.531853,DQN
102,-257.99661,1555340000.0,8.04202,2024-11-10 18:34:43.531853,DQN
103,-265.16122,1542641200.0,12.67052,2024-11-10 18:34:43.531853,DQN
104,-255.33333,1534505500.0,-26.81640,2024-11-10 18:34:43.531853,DQN
105,-205.37083,1508056000.0,-32.98704,2024-11-10 18:34:43.531853,DQN
106,-206.37083,1500780000.0,11.53953,2024-11-10 18:34:43.531853,DQN
107,-205.71006,1503290600.0,0.67019,2024-11-10 18:34:43.531853,DQN
108,-207.37083,1489676300.0,36.74411,2024-11-10 18:34:43.531853,DQN
109,11.72585,1474427100.0,-11.63491,2024-11-10 18:34:43.531853,DQN
110,-242.26470,1459725000.0,17.58204,2024-11-10 18:34:43.531853,DQN
111,-27.88854,1455338800.0,-1.60714,2024-11-10 18:34:43.531853,DQN
112,-248.61333,1422454000.0,13.72604,2024-11-10 18:34:43.531853,DQN
113,-264.68333,1424749000.0,-9.69098,2024-11-10 18:34:43.531853,DQN
114,30.72585,1405973000.0,14.07947,2024-11-10 18:34:43.531853,DQN
115,-25.92500,1391529600.0,-3.20767,2024-11-10 18:34:43.531853,DQN
116,-272.77097,1383381000.0,33.66155,2024-11-10 18:34:43.531853,DQN
117,-268.87936,1361727200.0,7.10680,2024-11-10 18:34:43.531853,DQN
118,-167.45833,1368601200.0,35.33659,2024-11-10 18:34:43.531853,DQN
119,-275.00000,1372839400.0,-161.45995,2024-11-10 18:34:43.531853,DQN
120,118.89427,1376744100.0,53.06638,2024-11-10 18:34:43.531853,DQN
121,-260.52333,1344646100.0,-22.84896,2024-11-10 18:34:43.531853,DQN
122,-235.32742,1318171100.0,1.07228,2024-11-10 18:34:43.531853,DQN
123,-252.19523,1280826600.0,4.44419,2024-11-10 18:34:43.531853,DQN
124,-246.09413,1258399700.0,40.89499,2024-11-10 18:34:43.531853,DQN
125,-275.00000,1233743900.0,-168.16205,2024-11-10 18:34:43.531853,DQN
126,-164.64865,1220105600.0,3.37009,2024-11-10 18:34:43.531853,DQN
127,-182.26016,1177803600.0,-11.03085,2024-11-10 18:34:43.531853,DQN
128,-265.53899,1145041900.0,13.73179,2024-11-10 18:34:43.531853,DQN
129,-206.37083,1115604200.0,1.81760,2024-11-10 18:34:43.531853,DQN
130,-258.20083,1096600400.0,13.59329,2024-11-10 18:34:43.531853,DQN
131,-260.52333,1077767700.0,-7.23574,2024-11-10 18:34:43.531853,DQN
132,-248.55928,1056588800.0,10.98542,2024-11-10 18:34:43.531853,DQN
133,-275.06333,1031789060.0,-6.22929,2024-11-10 18:34:43.531853,DQN
134,67.02590,1024272960.0,19.90281,2024-11-10 18:34:43.531853,DQN
135,-203.29665,1004824960.0,44.12468,2024-11-10 18:34:43.531853,DQN
136,-250.82083,979447200.0,5.03155,2024-11-10 18:34:43.531853,DQN
137,205.24167,964008600.0,28.86285,2024-11-10 18:34:43.531853,DQN
138,-253.68333,953832960.0,-22.91437,2024-11-10 18:34:43.531853,DQN
139,-270.95117,925956000.0,7.73249,2024-11-10 18:34:43.531853,DQN
140,-243.66333,900057150.0,-8.10366,2024-11-10 18:34:43.531853,DQN
141,-273.09829,885912800.0,44.88705,2024-11-10 18:34:43.531853,DQN
142,-275.00000,862655170.0,-165.68295,2024-11-10 18:34:43.531853,DQN
143,-244.96146,858805800.0,14.95942,2024-11-10 18:34:43.531853,DQN
144,-275.00000,826627300.0,-168.16205,2024-11-10 18:34:43.531853,DQN
145,-276.19123,823687400.0,1.71793,2024-11-10 18:34:43.531853,DQN
146,-227.06584,808919300.0,-32.48363,2024-11-10 18:34:43.531853,DQN
147,-275.00000,791672200.0,-168.16205,2024-11-10 18:34:43.531853,DQN
148,-275.00000,787847700.0,-168.16205,2024-11-10 18:34:43.531853,DQN
149,-251.52333,784669600.0,4.63328,2024-11-10 18:34:43.531853,DQN
150,205.24167,768713500.0,39.30953,2024-11-10 18:34:43.531853,DQN
151,-244.68333,761414500.0,-2.04338,2024-11-10 18:34:43.531853,DQN
152,-196.37083,750039040.0,3.78802,2024-11-10 18:34:43.531853,DQN
153,-251.10588,736158340.0,3.79141,2024-11-10 18:34:43.531853,DQN
154,118.24167,711614600.0,33.13956,2024-11-10 18:34:43.531853,DQN
155,-196.45833,703807500.0,11.80984,2024-11-10 18:34:43.531853,DQN
156,-155.93000,693038100.0,-15.23065,2024-11-10 18:34:43.531853,DQN
157,-275.00000,683856200.0,-168.16205,2024-11-10 18:34:43.531853,DQN
158,-290.82083,681263000.0,4.74449,2024-11-10 18:34:43.531853,DQN
159,-275.00000,668135230.0,-168.16205,2024-11-10 18:34:43.531853,DQN
160,-248.61333,662146600.0,2.81289,2024-11-10 18:34:43.531853,DQN
161,-253.45333,644911400.0,-35.19609,2024-11-10 18:34:43.531853,DQN
162,-275.00000,630454800.0,-168.16205,2024-11-10 18:34:43.531853,DQN
163,-253.45333,626116100.0,-24.48391,2024-11-10 18:34:43.531853,DQN
164,-275.00000,610720640.0,-168.16205,2024-11-10 18:34:43.531853,DQN
165,-155.93000,607047400.0,-10.76384,2024-11-10 18:34:43.531853,DQN
166,-251.52333,597562500.0,-16.29182,2024-11-10 18:34:43.531853,DQN
167,-255.74245,577736770.0,46.63762,2024-11-10 18:34:43.531853,DQN
168,-206.37083,555474800.0,10.16623,2024-11-10 18:34:43.531853,DQN
169,-284.45333,544402000.0,12.82995,2024-11-10 18:34:43.531853,DQN
170,-15.67165,530738000.0,25.89051,2024-11-10 18:34:43.531853,DQN
171,-187.00916,514942850.0,19.91274,2024-11-10 18:34:43.531853,DQN
172,-250.92453,496940300.0,35.99136,2024-11-10 18:34:43.531853,DQN
173,152.15781,483789630.0,45.12944,2024-11-10 18:34:43.531853,DQN
174,-279.23333,467061660.0,-14.38853,2024-11-10 18:34:43.531853,DQN
175,-270.82083,454888500.0,9.88349,2024-11-10 18:34:43.531853,DQN
176,-166.45833,443764300.0,14.77635,2024-11-10 18:34:43.531853,DQN
177,-66.41082,432113400.0,20.35793,2024-11-10 18:34:43.531853,DQN
178,104.40724,426029300.0,23.17143,2024-11-10 18:34:43.531853,DQN
179,135.02875,416170100.0,34.51657,2024-11-10 18:34:43.531853,DQN
180,-107.64667,402083170.0,30.18438,2024-11-10 18:34:43.531853,DQN
181,-243.66333,395110850.0,-13.77492,2024-11-10 18:34:43.531853,DQN
182,75.85918,385120260.0,23.16167,2024-11-10 18:34:43.531853,DQN
183,-275.06333,379009200.0,-0.70260,2024-11-10 18:34:43.531853,DQN
184,-285.06958,371483650.0,34.29311,2024-11-10 18:34:43.531853,DQN
185,-250.82083,360639650.0,1.78801,2024-11-10 18:34:43.531853,DQN
186,-251.82083,351476540.0,5.90896,2024-11-10 18:34:43.531853,DQN
187,-282.52632,344057280.0,18.56298,2024-11-10 18:34:43.531853,DQN
188,-196.45833,330235500.0,11.25231,2024-11-10 18:34:43.531853,DQN
189,-196.45833,319474800.0,-17.72518,2024-11-10 18:34:43.531853,DQN
190,-255.29500,310034700.0,9.68028,2024-11-10 18:34:43.531853,DQN
191,-196.45833,297292380.0,-11.09487,2024-11-10 18:34:43.531853,DQN
192,-196.45833,287611140.0,-3.08263,2024-11-10 18:34:43.531853,DQN
193,-196.45833,277826500.0,-0.80470,2024-11-10 18:34:43.531853,DQN
194,-264.68333,267271550.0,3.27846,2024-11-10 18:34:43.531853,DQN
195,-155.93000,257475760.0,-26.27784,2024-11-10 18:34:43.531853,DQN
196,-266.45833,247228320.0,2.87344,2024-11-10 18:34:43.531853,DQN
197,-251.82083,235070160.0,21.08286,2024-11-10 18:34:43.531853,DQN
198,-138.20449,225119900.0,24.75986,2024-11-10 18:34:43.531853,DQN
199,-252.37613,212997570.0,26.47421,2024-11-10 18:34:43.531853,DQN
200,-167.45833,202676780.0,5.31514,2024-11-10 18:34:43.531853,DQN
201,-196.45833,194585120.0,-10.11579,2024-11-10 18:34:43.531853,DQN
202,-253.45333,188486400.0,-22.98546,2024-11-10 18:34:43.531853,DQN
203,-244.68333,181367890.0,5.45729,2024-11-10 18:34:43.531853,DQN
204,-196.37083,175787070.0,10.27276,2024-11-10 18:34:43.531853,DQN
205,-265.30396,170055820.0,17.18044,2024-11-10 18:34:43.531853,DQN
206,-196.37083,161028770.0,11.39435,2024-11-10 18:34:43.531853,DQN
207,-196.45833,154421730.0,7.11252,2024-11-10 18:34:43.531853,DQN
208,-250.82083,144307420.0,-5.50317,2024-11-10 18:34:43.531853,DQN
209,-196.45833,138486100.0,-10.79527,2024-11-10 18:34:43.531853,DQN
210,-116.64667,129978490.0,1.29888,2024-11-10 18:34:43.531853,DQN
211,-196.45833,124853070.0,-2.73294,2024-11-10 18:34:43.531853,DQN
212,-156.86291,117727530.0,16.33047,2024-11-10 18:34:43.531853,DQN
213,-250.82083,107423570.0,-11.98269,2024-11-10 18:34:43.531853,DQN
214,-196.45833,101353460.0,-9.52720,2024-11-10 18:34:43.531853,DQN
215,-196.45833,95224050.0,4.01513,2024-11-10 18:34:43.531853,DQN
216,-196.45833,88377610.0,-12.25369,2024-11-10 18:34:43.531853,DQN
217,-250.82083,82919820.0,-8.12387,2024-11-10 18:34:43.531853,DQN
218,-196.45833,76203400.0,-1.03067,2024-11-10 18:34:43.531853,DQN
219,-250.23333,69374150.0,13.90420,2024-11-10 18:34:43.531853,DQN
220,-284.45333,64890708.0,-4.04205,2024-11-10 18:34:43.531853,DQN
221,-250.82083,60348624.0,9.62443,2024-11-10 18:34:43.531853,DQN
222,-196.37083,54611260.0,-21.44324,2024-11-10 18:34:43.531853,DQN
223,-248.61333,52268896.0,-10.45054,2024-11-10 18:34:43.531853,DQN
224,-196.45833,49402776.0,-0.91105,2024-11-10 18:34:43.531853,DQN
225,-196.45833,45644092.0,-7.98723,2024-11-10 18:34:43.531853,DQN
226,-196.45833,41753748.0,2.63898,2024-11-10 18:34:43.531853,DQN
227,-196.45833,39337284.0,-0.29573,2024-11-10 18:34:43.531853,DQN
228,-250.82083,36961224.0,-7.03339,2024-11-10 18:34:43.531853,DQN
229,-196.45833,34456016.0,-8.80986,2024-11-10 18:34:43.531853,DQN
230,-238.23662,32951720.0,-0.68614,2024-11-10 18:34:43.531853,DQN
231,-196.45833,30321028.0,-3.31524,2024-11-10 18:34:43.531853,DQN
232,-196.45833,27818096.0,-3.33422,2024-11-10 18:34:43.531853,DQN
233,-196.45833,26494596.0,-15.63708,2024-11-10 18:34:43.531853,DQN
234,-254.45333,25411056.0,0.21826,2024-11-10 18:34:43.531853,DQN
235,-186.45833,24376016.0,29.13653,2024-11-10 18:34:43.531853,DQN
236,-196.45833,23147592.0,7.79526,2024-11-10 18:34:43.531853,DQN
237,-232.27333,22767764.0,-27.93214,2024-11-10 18:34:43.531853,DQN
238,-206.37083,22489018.0,2.80757,2024-11-10 18:34:43.531853,DQN
239,-253.45333,22037376.0,-34.15868,2024-11-10 18:34:43.531853,DQN
240,-257.45833,21321228.0,16.57937,2024-11-10 18:34:43.531853,DQN
241,-253.45333,20854664.0,-29.83127,2024-11-10 18:34:43.531853,DQN
242,-165.45833,20760928.0,-20.57814,2024-11-10 18:34:43.531853,DQN
243,-253.45333,20585520.0,-27.63333,2024-11-10 18:34:43.531853,DQN
244,-253.45333,20367584.0,-28.86005,2024-11-10 18:34:43.531853,DQN
245,-275.00000,20704482.0,-168.16205,2024-11-10 18:34:43.531853,DQN
246,-165.45833,20843528.0,-22.34972,2024-11-10 18:34:43.531853,DQN
247,-275.00000,20275992.0,-168.16205,2024-11-10 18:34:43.531853,DQN
248,-195.45833,20413960.0,-24.54001,2024-11-10 18:34:43.531853,DQN
249,-253.45333,20243248.0,-42.80719,2024-11-10 18:34:43.531853,DQN
250,-195.45833,19255822.0,-25.97917,2024-11-10 18:34:43.531853,DQN
251,-195.45833,19630524.0,-28.77025,2024-11-10 18:34:43.531853,DQN
252,-85.45833,18985520.0,-12.24231,2024-11-10 18:34:43.531853,DQN
253,-155.93000,19013284.0,-24.58655,2024-11-10 18:34:43.531853,DQN
254,-255.45833,19111242.0,-27.47301,2024-11-10 18:34:43.531853,DQN
255,-275.00000,18502396.0,-168.16205,2024-11-10 18:34:43.531853,DQN
256,-253.45333,18654500.0,-38.62281,2024-11-10 18:34:43.531853,DQN
257,-195.45833,18579716.0,-28.77025,2024-11-10 18:34:43.531853,DQN
258,-85.45833,18933886.0,-13.71028,2024-11-10 18:34:43.531853,DQN
259,-275.00000,18808912.0,-168.16205,2024-11-10 18:34:43.531853,DQN
260,-275.00000,18556056.0,-168.16205,2024-11-10 18:34:43.531853,DQN
261,-275.00000,18377036.0,-168.16205,2024-11-10 18:34:43.531853,DQN
262,-275.00000,18170032.0,-168.16205,2024-11-10 18:34:43.531853,DQN
263,-253.45333,17892872.0,-27.22828,2024-11-10 18:34:43.531853,DQN
264,-253.68333,17097360.0,-40.30934,2024-11-10 18:34:43.531853,DQN
265,-275.00000,16948444.0,-168.16205,2024-11-10 18:34:43.531853,DQN
266,-125.64667,16683737.0,-22.77804,2024-11-10 18:34:43.531853,DQN
267,-275.00000,16699238.0,-168.16205,2024-11-10 18:34:43.531853,DQN
268,-275.00000,16571673.0,-168.16205,2024-11-10 18:34:43.531853,DQN
269,-155.93000,16565142.0,-23.89212,2024-11-10 18:34:43.531853,DQN
270,-275.00000,15979861.0,-168.16205,2024-11-10 18:34:43.531853,DQN
271,-165.45833,15878291.0,-22.66809,2024-11-10 18:34:43.531853,DQN
272,-165.45833,15631116.0,-26.16747,2024-11-10 18:34:43.531853,DQN
273,-275.00000,15898252.0,-168.16205,2024-11-10 18:34:43.531853,DQN
274,-253.45333,16071076.0,-27.45978,2024-11-10 18:34:43.531853,DQN
275,-275.00000,15562476.0,-168.16205,2024-11-10 18:34:43.531853,DQN
276,-275.00000,15720931.0,-168.16205,2024-11-10 18:34:43.531853,DQN
277,-253.45333,15829236.0,-28.14331,2024-11-10 18:34:43.531853,DQN
278,-136.45833,15801464.0,12.46385,2024-11-10 18:34:43.531853,DQN
279,-255.45833,15530567.0,-35.93955,2024-11-10 18:34:43.531853,DQN
280,-255.33333,14904920.0,-29.51582,2024-11-10 18:34:43.531853,DQN
281,-255.33333,14678410.0,-31.42393,2024-11-10 18:34:43.531853,DQN
282,-255.45833,13928490.0,-28.29164,2024-11-10 18:34:43.531853,DQN
283,-85.45833,13844524.0,-10.69282,2024-11-10 18:34:43.531853,DQN
284,-253.45333,13698519.0,-44.97996,2024-11-10 18:34:43.531853,DQN
285,-275.00000,13476291.0,-168.16205,2024-11-10 18:34:43.531853,DQN
286,-253.45333,13531477.0,-30.67280,2024-11-10 18:34:43.531853,DQN
287,-165.45833,13155878.0,-23.32955,2024-11-10 18:34:43.531853,DQN
288,-205.37083,12719974.0,-26.58782,2024-11-10 18:34:43.531853,DQN
289,-205.37083,12981611.0,-28.71722,2024-11-10 18:34:43.531853,DQN
290,-165.45833,12662062.0,-24.35564,2024-11-10 18:34:43.531853,DQN
291,-165.45833,12514171.0,-35.89140,2024-11-10 18:34:43.531853,DQN
292,-165.45833,11838732.0,-25.56396,2024-11-10 18:34:43.531853,DQN
293,-275.00000,11472606.0,-168.16205,2024-11-10 18:34:43.531853,DQN
294,-165.45833,11418047.0,-12.25321,2024-11-10 18:34:43.531853,DQN
295,-145.45833,11216247.0,-28.12438,2024-11-10 18:34:43.531853,DQN
296,-145.45833,11206740.0,-21.19054,2024-11-10 18:34:43.531853,DQN
297,-275.00000,11283153.0,-168.16205,2024-11-10 18:34:43.531853,DQN
298,-125.64667,11360457.0,-20.99594,2024-11-10 18:34:43.531853,DQN
299,-155.93000,10897165.0,-14.47679,2024-11-10 18:34:43.531853,DQN
300,-155.93000,10745106.0,-26.42161,2024-11-10 18:34:43.531853,DQN
301,-136.45833,10468019.0,-15.54583,2024-11-10 18:34:43.531853,DQN
302,-145.45833,10359520.0,-21.89654,2024-11-10 18:34:43.531853,DQN
303,-165.45833,10373012.0,-24.35564,2024-11-10 18:34:43.531853,DQN
304,-255.45833,9822160.0,-28.34526,2024-11-10 18:34:43.531853,DQN
305,-196.37083,9642471.0,-8.13633,2024-11-10 18:34:43.531853,DQN
306,-275.00000,9543220.0,-168.16205,2024-11-10 18:34:43.531853,DQN
307,-165.45833,9525951.0,-24.35564,2024-11-10 18:34:43.531853,DQN
308,-165.45833,9847199.0,-20.91113,2024-11-10 18:34:43.531853,DQN
309,-275.00000,9330270.0,-168.16205,2024-11-10 18:34:43.531853,DQN
310,-263.66333,9306006.0,-21.37711,2024-11-10 18:34:43.531853,DQN
311,-105.45833,8650062.0,-26.98640,2024-11-10 18:34:43.531853,DQN
312,-85.45833,8777475.0,-25.01817,2024-11-10 18:34:43.531853,DQN
313,-85.45833,9411582.0,-15.64570,2024-11-10 18:34:43.531853,DQN
314,-145.45833,9002646.0,-25.45729,2024-11-10 18:34:43.531853,DQN
315,-165.45833,9014052.0,-24.35564,2024-11-10 18:34:43.531853,DQN
316,-275.00000,8764066.0,-164.55943,2024-11-10 18:34:43.531853,DQN
317,-165.45833,8794966.0,-22.89381,2024-11-10 18:34:43.531853,DQN
318,-105.45833,7995810.0,-13.47498,2024-11-10 18:34:43.531853,DQN
319,-105.45833,7616793.5,-12.06509,2024-11-10 18:34:43.531853,DQN
320,-275.00000,7255507.0,-168.16205,2024-11-10 18:34:43.531853,DQN
321,-136.45833,7245565.0,3.04189,2024-11-10 18:34:43.531853,DQN
322,-196.37083,7832099.0,-10.13766,2024-11-10 18:34:43.531853,DQN
323,-193.62531,7718006.0,-9.47331,2024-11-10 18:34:43.531853,DQN
324,-165.45833,7371064.0,-5.97247,2024-11-10 18:34:43.531853,DQN
325,-145.45833,7078912.0,-21.55325,2024-11-10 18:34:43.531853,DQN
326,-196.37083,6977506.0,-3.59592,2024-11-10 18:34:43.531853,DQN
327,-255.45833,6742665.0,-23.01995,2024-11-10 18:34:43.531853,DQN
328,-85.45833,6848040.0,-21.65489,2024-11-10 18:34:43.531853,DQN
329,-185.45833,6454469.0,-17.64547,2024-11-10 18:34:43.531853,DQN
330,-85.45833,6611810.0,-12.24231,2024-11-10 18:34:43.531853,DQN
331,-186.45833,6197323.0,4.79477,2024-11-10 18:34:43.531853,DQN
332,-255.45833,6111011.0,-24.04894,2024-11-10 18:34:43.531853,DQN
333,-264.06333,6135220.0,-23.60623,2024-11-10 18:34:43.531853,DQN
334,-250.82083,6034050.0,-11.31728,2024-11-10 18:34:43.531853,DQN
335,-196.37083,6149434.0,-12.04035,2024-11-10 18:34:43.531853,DQN
336,-196.37083,5871770.0,4.10223,2024-11-10 18:34:43.531853,DQN
337,-196.37083,5882992.0,-10.13766,2024-11-10 18:34:43.531853,DQN
338,-196.37083,5773002.0,-2.73428,2024-11-10 18:34:43.531853,DQN
339,-196.37083,5812174.0,8.57385,2024-11-10 18:34:43.531853,DQN
340,-257.20083,5730644.0,-21.60710,2024-11-10 18:34:43.531853,DQN
341,-243.22552,6172564.0,11.34924,2024-11-10 18:34:43.531853,DQN
342,-186.45833,6143600.0,13.46543,2024-11-10 18:34:43.531853,DQN
343,-186.45833,6156366.0,12.30562,2024-11-10 18:34:43.531853,DQN
344,-107.64667,5762802.0,39.17270,2024-11-10 18:34:43.531853,DQN
345,-196.37083,5633054.0,-2.37518,2024-11-10 18:34:43.531853,DQN
346,-196.37083,5540762.0,3.04883,2024-11-10 18:34:43.531853,DQN
347,-250.82083,5741800.0,-0.92432,2024-11-10 18:34:43.531853,DQN
348,-186.45833,5634384.0,13.27658,2024-11-10 18:34:43.531853,DQN
349,-196.37083,5322949.0,4.05608,2024-11-10 18:34:43.531853,DQN
350,-256.45833,5266277.0,13.80604,2024-11-10 18:34:43.531853,DQN
351,-186.45833,5279054.0,-0.43762,2024-11-10 18:34:43.531853,DQN
352,-196.45833,5345024.0,-0.77977,2024-11-10 18:34:43.531853,DQN
353,-116.64667,5176395.0,2.93754,2024-11-10 18:34:43.531853,DQN
354,-107.64667,5294345.0,29.68378,2024-11-10 18:34:43.531853,DQN
355,-253.68333,5300606.0,-19.70987,2024-11-10 18:34:43.531853,DQN
356,-196.37083,5310216.0,11.79394,2024-11-10 18:34:43.531853,DQN
357,-260.82083,4776950.0,9.78300,2024-11-10 18:34:43.531853,DQN
358,-250.82083,5287254.0,-0.14334,2024-11-10 18:34:43.531853,DQN
359,-196.37083,4868390.0,8.57385,2024-11-10 18:34:43.531853,DQN
360,-250.82083,5015840.0,-1.23768,2024-11-10 18:34:43.531853,DQN
361,-196.37083,4846998.0,1.92694,2024-11-10 18:34:43.531853,DQN
362,-250.82083,4866636.0,13.16324,2024-11-10 18:34:43.531853,DQN
363,-250.82083,4635273.5,-20.05441,2024-11-10 18:34:43.531853,DQN
364,-297.45833,5104084.0,43.93386,2024-11-10 18:34:43.531853,DQN
365,-258.20083,4887944.0,12.52939,2024-11-10 18:34:43.531853,DQN
366,-196.37083,4873536.0,6.53812,2024-11-10 18:34:43.531853,DQN
367,-250.82083,4801276.0,8.78993,2024-11-10 18:34:43.531853,DQN
368,-287.20083,4706885.0,-15.63598,2024-11-10 18:34:43.531853,DQN
369,-196.37083,4643228.0,-7.79442,2024-11-10 18:34:43.531853,DQN
370,-196.37083,4679602.0,7.19392,2024-11-10 18:34:43.531853,DQN
371,-264.45333,4426470.0,9.09361,2024-11-10 18:34:43.531853,DQN
372,-253.45333,4490860.0,-18.38584,2024-11-10 18:34:43.531853,DQN
373,-253.45333,4596590.0,-29.58915,2024-11-10 18:34:43.531853,DQN
374,-275.00000,4248500.0,-168.16205,2024-11-10 18:34:43.531853,DQN
375,-116.45833,4297032.0,3.81398,2024-11-10 18:34:43.531853,DQN
376,-243.27333,4809466.0,-6.74697,2024-11-10 18:34:43.531853,DQN
377,-253.45333,4526917.0,-16.98263,2024-11-10 18:34:43.531853,DQN
378,-266.02508,4487024.0,19.85483,2024-11-10 18:34:43.531853,DQN
379,-205.37083,4316360.0,-24.08461,2024-11-10 18:34:43.531853,DQN
380,-275.00000,4124778.0,-168.16205,2024-11-10 18:34:43.531853,DQN
381,-264.68333,4149368.0,-16.30332,2024-11-10 18:34:43.531853,DQN
382,-259.61333,4766006.0,0.63073,2024-11-10 18:34:43.531853,DQN
383,-264.06333,4361104.0,-16.32577,2024-11-10 18:34:43.531853,DQN
384,-250.82083,4439245.0,5.17418,2024-11-10 18:34:43.531853,DQN
385,-205.37083,4141498.0,-32.69481,2024-11-10 18:34:43.531853,DQN
386,-232.27333,4202934.0,-37.52025,2024-11-10 18:34:43.531853,DQN
387,-253.68333,4060404.0,-37.54678,2024-11-10 18:34:43.531853,DQN
388,-244.68333,4221486.0,-5.15401,2024-11-10 18:34:43.531853,DQN
389,-253.68333,4343908.0,-25.15833,2024-11-10 18:34:43.531853,DQN
390,-275.00000,3938406.0,-164.55943,2024-11-10 18:34:43.531853,DQN
391,-196.37083,4160527.0,-0.05124,2024-11-10 18:34:43.531853,DQN
392,-205.37083,3853634.0,-27.70413,2024-11-10 18:34:43.531853,DQN
393,-253.68333,4063166.0,-21.05496,2024-11-10 18:34:43.531853,DQN
394,-250.82083,4029946.0,2.66782,2024-11-10 18:34:43.531853,DQN
395,-275.00000,4135450.2,-168.16205,2024-11-10 18:34:43.531853,DQN
396,-275.00000,4013028.0,-168.16205,2024-11-10 18:34:43.531853,DQN
397,-264.06333,4078504.0,-23.38644,2024-11-10 18:34:43.531853,DQN
398,-270.82083,3847356.0,8.55646,2024-11-10 18:34:43.531853,DQN
399,-275.00000,3761044.0,-168.16205,2024-11-10 18:34:43.531853,DQN
400,-275.00000,3720614.0,-168.16205,2024-11-10 18:34:43.531853,DQN
401,-248.61333,3664876.0,-1.41792,2024-11-10 18:34:43.531853,DQN
402,-116.64667,4013061.2,-2.99023,2024-11-10 18:34:43.531853,DQN
403,-205.37083,3843756.0,-25.13201,2024-11-10 18:34:43.531853,DQN
404,-275.00000,3794316.2,-168.16205,2024-11-10 18:34:43.531853,DQN
405,-253.45333,3717116.2,-16.53735,2024-11-10 18:34:43.531853,DQN
406,-255.33333,3850403.2,-17.94897,2024-11-10 18:34:43.531853,DQN
407,-244.68333,3649170.0,14.05463,2024-11-10 18:34:43.531853,DQN
408,-253.68333,3702148.0,-23.29295,2024-11-10 18:34:43.531853,DQN
409,-196.37083,3857176.0,3.02763,2024-11-10 18:34:43.531853,DQN
410,-260.52333,3859380.0,-16.32076,2024-11-10 18:34:43.531853,DQN
411,-252.66333,4140164.0,-28.53930,2024-11-10 18:34:43.531853,DQN
412,-116.64667,4027552.2,21.88907,2024-11-10 18:34:43.531853,DQN
413,-250.82083,3619599.8,10.73961,2024-11-10 18:34:43.531853,DQN
414,-246.33333,3930866.2,5.74063,2024-11-10 18:34:43.531853,DQN
415,-275.00000,3561243.8,-165.68295,2024-11-10 18:34:43.531853,DQN
416,-251.52333,3775685.8,12.77029,2024-11-10 18:34:43.531853,DQN
417,-264.68333,4012776.0,5.91173,2024-11-10 18:34:43.531853,DQN
418,-275.00000,3664565.8,-168.16205,2024-11-10 18:34:43.531853,DQN
419,-246.33333,3946077.0,11.76596,2024-11-10 18:34:43.531853,DQN
420,-278.23333,3416180.0,-28.00386,2024-11-10 18:34:43.531853,DQN
421,-260.52333,3992297.2,-12.15145,2024-11-10 18:34:43.531853,DQN
422,-252.66333,4482730.0,-23.89839,2024-11-10 18:34:43.531853,DQN
423,-253.68333,3567466.0,-10.56875,2024-11-10 18:34:43.531853,DQN
424,-275.00000,3677512.2,-168.16205,2024-11-10 18:34:43.531853,DQN
425,-125.64667,3384361.8,-21.27053,2024-11-10 18:34:43.531853,DQN
426,-255.33333,3433228.2,-24.26172,2024-11-10 18:34:43.531853,DQN
427,-196.37083,3531202.0,29.16818,2024-11-10 18:34:43.531853,DQN
428,-275.00000,3576244.0,-161.45995,2024-11-10 18:34:43.531853,DQN
429,-116.64667,3431899.8,14.73107,2024-11-10 18:34:43.531853,DQN
430,-232.27333,3666038.2,-14.06262,2024-11-10 18:34:43.531853,DQN
431,-253.68333,3388524.2,-13.19245,2024-11-10 18:34:43.531853,DQN
432,-255.33333,3310789.8,-23.28014,2024-11-10 18:34:43.531853,DQN
433,-275.00000,3532710.2,-164.55943,2024-11-10 18:34:43.531853,DQN
434,-275.00000,3275538.2,-168.16205,2024-11-10 18:34:43.531853,DQN
435,-275.00000,3386276.2,-168.16205,2024-11-10 18:34:43.531853,DQN
436,-275.00000,3092743.8,-168.16205,2024-11-10 18:34:43.531853,DQN
437,-255.33333,3145116.0,-19.03167,2024-11-10 18:34:43.531853,DQN
438,32.48475,3076196.0,25.90409,2024-11-10 18:34:43.531853,DQN
439,-125.64667,3647428.2,-22.47032,2024-11-10 18:34:43.531853,DQN
440,-268.23333,3494988.2,-32.93855,2024-11-10 18:34:43.531853,DQN
441,-255.33333,3323048.0,-27.64308,2024-11-10 18:34:43.531853,DQN
442,-263.66333,3277646.2,1.80324,2024-11-10 18:34:43.531853,DQN
443,-263.66333,3253296.2,4.56348,2024-11-10 18:34:43.531853,DQN
444,-248.61333,3526262.0,-2.43521,2024-11-10 18:34:43.531853,DQN
445,163.07113,3279928.0,38.80903,2024-11-10 18:34:43.531853,DQN
446,-243.66333,3313508.2,14.80524,2024-11-10 18:34:43.531853,DQN
447,-275.00000,3609114.0,-168.16205,2024-11-10 18:34:43.531853,DQN
448,-155.93000,3444583.8,-21.46936,2024-11-10 18:34:43.531853,DQN
449,-232.27333,3231500.2,-13.23185,2024-11-10 18:34:43.531853,DQN
450,-244.68333,3089617.8,17.53594,2024-11-10 18:34:43.531853,DQN
451,-223.42144,3195488.2,18.22845,2024-11-10 18:34:43.531853,DQN
452,-83.53128,3155281.8,10.98275,2024-11-10 18:34:43.531853,DQN
453,-116.64667,3236514.2,-5.21574,2024-11-10 18:34:43.531853,DQN
454,-275.00000,3178952.2,-168.16205,2024-11-10 18:34:43.531853,DQN
455,-259.23333,3575598.2,7.52971,2024-11-10 18:34:43.531853,DQN
456,-232.27333,3376164.2,-19.48398,2024-11-10 18:34:43.531853,DQN
457,-246.33333,3425342.2,2.49083,2024-11-10 18:34:43.531853,DQN
458,-243.66333,3358312.2,25.33793,2024-11-10 18:34:43.531853,DQN
459,-253.27333,2987982.0,3.54182,2024-11-10 18:34:43.531853,DQN
460,-10.30859,3168065.8,-5.08402,2024-11-10 18:34:43.531853,DQN
461,-253.68333,2823564.2,-25.87208,2024-11-10 18:34:43.531853,DQN
462,-252.66333,2882238.0,-18.59714,2024-11-10 18:34:43.531853,DQN
463,-66.41082,2913408.0,18.72291,2024-11-10 18:34:43.531853,DQN
464,-44.44445,3094200.0,26.24355,2024-11-10 18:34:43.531853,DQN
465,-232.27333,2989612.0,-26.27079,2024-11-10 18:34:43.531853,DQN
466,-140.80542,3639632.0,35.20962,2024-11-10 18:34:43.531853,DQN
467,-279.23333,3086758.2,6.49000,2024-11-10 18:34:43.531853,DQN
468,-27.97031,2752620.0,22.61826,2024-11-10 18:34:43.531853,DQN
469,-191.29079,3052496.2,46.34633,2024-11-10 18:34:43.531853,DQN
470,-263.66333,3428536.0,-4.51936,2024-11-10 18:34:43.531853,DQN
471,-109.80283,2797072.2,29.05467,2024-11-10 18:34:43.531853,DQN
472,-165.93000,3404802.2,-15.81973,2024-11-10 18:34:43.531853,DQN
473,-234.27333,3202484.2,30.09416,2024-11-10 18:34:43.531853,DQN
474,-193.78002,2864845.8,2.58804,2024-11-10 18:34:43.531853,DQN
475,8.99044,2957944.2,-7.39137,2024-11-10 18:34:43.531853,DQN
476,-1.55207,3640480.0,4.01213,2024-11-10 18:34:43.531853,DQN
477,-263.66333,3395759.8,5.31022,2024-11-10 18:34:43.531853,DQN
478,-81.05447,3276426.0,17.66102,2024-11-10 18:34:43.531853,DQN
479,-65.41082,3114780.0,-13.95932,2024-11-10 18:34:43.531853,DQN
480,-275.00000,2883884.0,-168.16205,2024-11-10 18:34:43.531853,DQN
481,21.72585,2552251.8,-9.49026,2024-11-10 18:34:43.531853,DQN
482,-228.25813,2763618.2,40.29613,2024-11-10 18:34:43.531853,DQN
483,-248.45583,2582479.2,14.63093,2024-11-10 18:34:43.531853,DQN
484,-155.93000,2711816.0,-5.72894,2024-11-10 18:34:43.531853,DQN
485,-242.27333,2616344.0,-15.77473,2024-11-10 18:34:43.531853,DQN
486,75.85918,2811114.2,17.44702,2024-11-10 18:34:43.531853,DQN
487,-164.92160,2572596.0,-14.06728,2024-11-10 18:34:43.531853,DQN
488,-253.68333,3045760.0,-29.08736,2024-11-10 18:34:43.531853,DQN
489,-41.96701,3287001.2,1.00578,2024-11-10 18:34:43.531853,DQN
490,-196.37083,3347454.2,6.15058,2024-11-10 18:34:43.531853,DQN
491,-155.93000,3120770.2,-15.31923,2024-11-10 18:34:43.531853,DQN
492,-223.88014,3123138.2,29.63840,2024-11-10 18:34:43.531853,DQN
493,-267.20083,3101002.0,-21.76202,2024-11-10 18:34:43.531853,DQN
494,-275.00000,3176070.2,-168.16205,2024-11-10 18:34:43.531853,DQN
495,-266.04028,3847852.0,13.37483,2024-11-10 18:34:43.531853,DQN
496,14.79123,4520454.0,14.11571,2024-11-10 18:34:43.531853,DQN
497,-263.68333,3592276.2,-8.54093,2024-11-10 18:34:43.531853,DQN
498,90.12597,3438972.2,43.32074,2024-11-10 18:34:43.531853,DQN
499,-255.33333,2986206.0,-6.29543,2024-11-10 18:34:43.531853,DQN
500,-264.45333,3164236.2,6.28647,2024-11-10 18:34:43.531853,DQN
501,-125.64667,4706613.5,-16.09878,2024-11-10 18:34:43.531853,DQN
502,-206.37083,4639336.0,1.14607,2024-11-10 18:34:43.531853,DQN
503,-255.06333,3572912.0,24.45159,2024-11-10 18:34:43.531853,DQN
504,-275.00000,2867944.2,-168.16205,2024-11-10 18:34:43.531853,DQN
505,-275.00000,2854250.0,-168.16205,2024-11-10 18:34:43.531853,DQN
506,-171.06675,2413861.8,-1.81754,2024-11-10 18:34:43.531853,DQN
507,-76.60882,2918952.2,4.39905,2024-11-10 18:34:43.531853,DQN
508,-53.82270,2737247.8,-1.96238,2024-11-10 18:34:43.531853,DQN
509,-275.00000,2674494.2,-168.16205,2024-11-10 18:34:43.531853,DQN
510,-226.65812,2544770.2,14.53442,2024-11-10 18:34:43.531853,DQN
511,-255.33333,2175107.8,-20.13332,2024-11-10 18:34:43.531853,DQN
512,-155.93000,3057394.0,-23.63313,2024-11-10 18:34:43.531853,DQN
513,-275.00000,2725648.2,-168.16205,2024-11-10 18:34:43.531853,DQN
514,-243.66333,2899791.8,13.65737,2024-11-10 18:34:43.531853,DQN
515,-181.25213,3949728.2,13.82822,2024-11-10 18:34:43.531853,DQN
516,-273.45333,3378366.2,-22.33762,2024-11-10 18:34:43.531853,DQN
517,-263.66333,3838188.0,-0.16966,2024-11-10 18:34:43.531853,DQN
518,-20.26587,3405163.5,29.43796,2024-11-10 18:34:43.531853,DQN
519,30.72585,3484088.0,26.89251,2024-11-10 18:34:43.531853,DQN
520,-212.80776,3389137.2,14.39319,2024-11-10 18:34:43.531853,DQN
521,-213.55666,4323618.0,10.52766,2024-11-10 18:34:43.531853,DQN
522,-54.77081,3491127.8,27.96479,2024-11-10 18:34:43.531853,DQN
523,-155.93000,3344773.8,-27.84947,2024-11-10 18:34:43.531853,DQN
524,-25.92500,2774990.0,-4.59377,2024-11-10 18:34:43.531853,DQN
525,-116.64667,2934160.2,-0.94307,2024-11-10 18:34:43.531853,DQN
526,-252.84513,2825835.8,11.79528,2024-11-10 18:34:43.531853,DQN
527,-253.68333,2652804.2,-15.40650,2024-11-10 18:34:43.531853,DQN
528,-107.04351,2400208.0,45.09748,2024-11-10 18:34:43.531853,DQN
529,-275.00000,3165004.2,-168.16205,2024-11-10 18:34:43.531853,DQN
530,-275.00000,3012570.0,-168.16205,2024-11-10 18:34:43.531853,DQN
531,-52.68207,3083232.0,11.84429,2024-11-10 18:34:43.531853,DQN
532,-23.52985,2692601.8,53.89514,2024-11-10 18:34:43.531853,DQN
533,-25.92500,2504897.8,-6.32755,2024-11-10 18:34:43.531853,DQN
534,-125.64667,3112922.0,-17.00935,2024-11-10 18:34:43.531853,DQN
535,-170.10250,2762141.8,-0.76389,2024-11-10 18:34:43.531853,DQN
536,-244.68333,3256181.8,-6.11523,2024-11-10 18:34:43.531853,DQN
537,39.67032,3096461.2,23.81722,2024-11-10 18:34:43.531853,DQN
538,-25.92500,3486498.0,-8.05548,2024-11-10 18:34:43.531853,DQN
539,-287.20083,3882794.0,-21.02032,2024-11-10 18:34:43.531853,DQN
540,-268.23333,3805312.2,-13.78040,2024-11-10 18:34:43.531853,DQN
541,-290.82083,8815152.0,7.02343,2024-11-10 18:34:43.531853,DQN
542,-256.06994,5769919.0,14.93898,2024-11-10 18:34:43.531853,DQN
543,-275.00000,4230820.0,-168.16205,2024-11-10 18:34:43.531853,DQN
544,-253.66333,4399504.0,10.52926,2024-11-10 18:34:43.531853,DQN
545,7.84954,4078930.0,20.33420,2024-11-10 18:34:43.531853,DQN
546,154.73659,3451603.8,51.07434,2024-11-10 18:34:43.531853,DQN
547,-86.97235,2449592.0,-4.14094,2024-11-10 18:34:43.531853,DQN
548,-65.41082,3324797.8,0.63287,2024-11-10 18:34:43.531853,DQN
549,-243.89849,2659154.2,20.52437,2024-11-10 18:34:43.531853,DQN
550,-26.99833,2852057.8,39.42508,2024-11-10 18:34:43.531853,DQN
551,-16.06917,2833487.8,11.45436,2024-11-10 18:34:43.531853,DQN
552,-81.10807,2893464.2,43.59470,2024-11-10 18:34:43.531853,DQN
553,-202.87542,2709844.2,-8.83040,2024-11-10 18:34:43.531853,DQN
554,30.72585,2370908.2,28.84847,2024-11-10 18:34:43.531853,DQN
555,-255.33333,2419918.2,-9.29341,2024-11-10 18:34:43.531853,DQN
556,-229.03757,2531144.2,13.43136,2024-11-10 18:34:43.531853,DQN
557,186.99432,2413744.2,59.54399,2024-11-10 18:34:43.531853,DQN
558,-223.40802,2802810.2,56.00184,2024-11-10 18:34:43.531853,DQN
559,-275.00000,2876972.2,-168.16205,2024-11-10 18:34:43.531853,DQN
560,-66.41082,2571780.0,4.85208,2024-11-10 18:34:43.531853,DQN
561,-275.00000,2796141.8,-168.16205,2024-11-10 18:34:43.531853,DQN
562,-264.06333,2290773.8,-15.31112,2024-11-10 18:34:43.531853,DQN
563,-258.20083,2628168.2,28.73195,2024-11-10 18:34:43.531853,DQN
564,-263.66333,3354739.8,-6.68573,2024-11-10 18:34:43.531853,DQN
565,-275.06333,3263507.2,-9.17962,2024-11-10 18:34:43.531853,DQN
566,-205.37083,2792138.2,-26.48817,2024-11-10 18:34:43.531853,DQN
567,-279.23333,2780748.2,8.83876,2024-11-10 18:34:43.531853,DQN
568,-155.93000,2139966.2,-33.58086,2024-11-10 18:34:43.531853,DQN
569,-295.45833,2697332.0,-29.49465,2024-11-10 18:34:43.531853,DQN
570,-186.32040,2611938.2,0.13177,2024-11-10 18:34:43.531853,DQN
571,-290.23333,3615641.8,23.20911,2024-11-10 18:34:43.531853,DQN
572,-258.20899,7591365.5,24.93136,2024-11-10 18:34:43.531853,DQN
573,-107.39931,4751268.0,5.88283,2024-11-10 18:34:43.531853,DQN
574,-275.00000,3282733.8,-168.16205,2024-11-10 18:34:43.531853,DQN
575,-268.61333,4294496.0,-9.37703,2024-11-10 18:34:43.531853,DQN
576,-267.20083,3934066.2,-21.18624,2024-11-10 18:34:43.531853,DQN
577,57.61086,3137423.8,8.10662,2024-11-10 18:34:43.531853,DQN
578,-275.00000,3626026.2,-168.16205,2024-11-10 18:34:43.531853,DQN
579,-167.97256,4332400.5,11.15074,2024-11-10 18:34:43.531853,DQN
580,-196.37083,5556609.5,-4.73261,2024-11-10 18:34:43.531853,DQN
581,-10.97245,3413047.2,1.59062,2024-11-10 18:34:43.531853,DQN
582,-268.23333,3432299.2,-26.48013,2024-11-10 18:34:43.531853,DQN
583,-278.72974,3713956.2,17.60691,2024-11-10 18:34:43.531853,DQN
584,-275.00000,3407078.2,-168.16205,2024-11-10 18:34:43.531853,DQN
585,-270.52333,3536166.0,-17.28029,2024-11-10 18:34:43.531853,DQN
586,-212.71392,2826072.0,-15.64290,2024-11-10 18:34:43.531853,DQN
587,-256.55859,2839190.0,-5.50828,2024-11-10 18:34:43.531853,DQN
588,-205.37083,3397221.2,-33.69377,2024-11-10 18:34:43.531853,DQN
589,-259.23333,3236335.8,5.69865,2024-11-10 18:34:43.531853,DQN
590,-260.39933,3305541.2,47.01378,2024-11-10 18:34:43.531853,DQN
591,-270.82083,3319636.2,-3.08897,2024-11-10 18:34:43.531853,DQN
592,75.85918,3620906.0,26.13121,2024-11-10 18:34:43.531853,DQN
593,-259.23333,4004439.2,13.16878,2024-11-10 18:34:43.531853,DQN
594,-290.82083,3717698.2,7.25532,2024-11-10 18:34:43.531853,DQN
595,-246.33333,6199106.5,12.24307,2024-11-10 18:34:43.531853,DQN
596,-275.00000,4951495.5,-168.16205,2024-11-10 18:34:43.531853,DQN
597,-255.16750,4479698.5,-15.33102,2024-11-10 18:34:43.531853,DQN
598,-196.45833,6146408.0,26.37588,2024-11-10 18:34:43.531853,DQN
599,-116.64667,4035636.2,-5.85676,2024-11-10 18:34:43.531853,DQN
600,-121.39367,5209272.0,-6.71427,2024-11-10 18:34:43.531853,DQN
601,-185.45833,5224660.5,-32.66146,2024-11-10 18:34:43.531853,DQN
602,-275.00000,4231272.0,-168.16205,2024-11-10 18:34:43.531853,DQN
603,-257.61333,4407908.0,-23.03112,2024-11-10 18:34:43.531853,DQN
604,-279.23333,4854238.0,-2.06612,2024-11-10 18:34:43.531853,DQN
605,-149.22043,3674004.0,-16.67433,2024-11-10 18:34:43.531853,DQN
606,-279.23333,3374798.2,6.18968,2024-11-10 18:34:43.531853,DQN
607,205.24167,3942866.2,39.30953,2024-11-10 18:34:43.531853,DQN
608,27.52768,6110530.0,10.10967,2024-11-10 18:34:43.531853,DQN
609,-275.00000,3830508.0,-168.16205,2024-11-10 18:34:43.531853,DQN
610,-244.98090,5116956.5,-10.61417,2024-11-10 18:34:43.531853,DQN
611,-176.45833,6644359.5,-9.35333,2024-11-10 18:34:43.531853,DQN
612,-206.99347,6313002.5,-5.58142,2024-11-10 18:34:43.531853,DQN
613,-275.00000,5896500.5,-168.16205,2024-11-10 18:34:43.531853,DQN
614,-130.37921,5706996.0,15.42510,2024-11-10 18:34:43.531853,DQN
615,-275.00000,3916850.2,-168.16205,2024-11-10 18:34:43.531853,DQN
616,-155.93000,3443696.5,-7.77125,2024-11-10 18:34:43.531853,DQN
617,-263.66333,3975076.0,-2.62017,2024-11-10 18:34:43.531853,DQN
618,-155.93000,3708042.2,-20.99338,2024-11-10 18:34:43.531853,DQN
619,-275.06333,4164378.0,-3.75118,2024-11-10 18:34:43.531853,DQN
620,119.24167,3093444.2,7.67691,2024-11-10 18:34:43.531853,DQN
621,-61.08944,4030351.2,18.70991,2024-11-10 18:34:43.531853,DQN
622,-275.00000,3780706.2,-168.16205,2024-11-10 18:34:43.531853,DQN
623,-196.37083,3840474.2,12.45039,2024-11-10 18:34:43.531853,DQN
624,-248.17966,3076920.5,-4.94660,2024-11-10 18:34:43.531853,DQN
625,-280.76255,3079158.2,14.61220,2024-11-10 18:34:43.531853,DQN
626,-94.34455,3678726.2,-6.33135,2024-11-10 18:34:43.531853,DQN
627,-228.93764,3631566.2,29.98040,2024-11-10 18:34:43.531853,DQN
628,-263.66333,3135692.2,-5.82665,2024-11-10 18:34:43.531853,DQN
629,-275.00000,2952848.0,-151.41126,2024-11-10 18:34:43.531853,DQN
630,-262.52333,2778198.0,32.27556,2024-11-10 18:34:43.531853,DQN
631,-200.11402,4273339.5,18.50653,2024-11-10 18:34:43.531853,DQN
632,-238.56268,4971589.5,56.53244,2024-11-10 18:34:43.531853,DQN
633,-284.45333,4653181.5,-4.31460,2024-11-10 18:34:43.531853,DQN
634,-206.37083,6159930.0,-1.94058,2024-11-10 18:34:43.531853,DQN
635,-259.23333,6694926.5,-0.92776,2024-11-10 18:34:43.531853,DQN
636,-268.61333,8222494.5,-3.09993,2024-11-10 18:34:43.531853,DQN
637,-155.93000,9728667.0,-7.71588,2024-11-10 18:34:43.531853,DQN
638,-196.37083,7681847.0,3.78791,2024-11-10 18:34:43.531853,DQN
639,-232.27333,5380804.5,-16.65308,2024-11-10 18:34:43.531853,DQN
640,-268.61333,5508107.5,15.12494,2024-11-10 18:34:43.531853,DQN
641,-253.45333,4376417.0,-7.07098,2024-11-10 18:34:43.531853,DQN
642,-234.66333,4172087.0,27.67970,2024-11-10 18:34:43.531853,DQN
643,-268.61333,3851786.2,0.41546,2024-11-10 18:34:43.531853,DQN
644,-196.37083,4262784.0,0.32057,2024-11-10 18:34:43.531853,DQN
645,-284.45333,5548830.0,3.37667,2024-11-10 18:34:43.531853,DQN
646,-239.42965,5489406.0,5.75310,2024-11-10 18:34:43.531853,DQN
647,-251.52333,6531063.5,-7.48231,2024-11-10 18:34:43.531853,DQN
648,-253.84415,4861483.0,31.57840,2024-11-10 18:34:43.531853,DQN
649,-255.06333,3891149.2,18.05624,2024-11-10 18:34:43.531853,DQN
650,-198.90489,3729036.0,21.25475,2024-11-10 18:34:43.531853,DQN
651,-116.64667,3170614.2,12.47961,2024-11-10 18:34:43.531853,DQN
652,-125.64667,3196562.0,-18.36096,2024-11-10 18:34:43.531853,DQN
653,-296.01334,3499952.5,38.20527,2024-11-10 18:34:43.531853,DQN
654,-270.82083,2853600.2,6.06269,2024-11-10 18:34:43.531853,DQN
655,-290.82083,3078336.5,4.14809,2024-11-10 18:34:43.531853,DQN
656,-250.82083,3219425.8,6.37251,2024-11-10 18:34:43.531853,DQN
657,-268.61333,6522631.0,-8.62957,2024-11-10 18:34:43.531853,DQN
658,-275.00000,4340126.5,-165.68295,2024-11-10 18:34:43.531853,DQN
659,-275.00000,3482058.2,-168.16205,2024-11-10 18:34:43.531853,DQN
660,-259.23333,3650026.2,11.15523,2024-11-10 18:34:43.531853,DQN
661,-279.23333,3116690.2,-1.68360,2024-11-10 18:34:43.531853,DQN
662,-255.06333,3077489.8,10.14560,2024-11-10 18:34:43.531853,DQN
663,-262.52333,2761435.8,29.96288,2024-11-10 18:34:43.531853,DQN
664,-131.99902,3808071.2,21.59634,2024-11-10 18:34:43.531853,DQN
665,-275.00000,3788578.0,-168.16205,2024-11-10 18:34:43.531853,DQN
666,70.00347,3048031.2,18.22134,2024-11-10 18:34:43.531853,DQN
667,-266.33333,3368230.2,1.09222,2024-11-10 18:34:43.531853,DQN
668,-268.23333,2946650.2,-18.09236,2024-11-10 18:34:43.531853,DQN
669,-263.66333,3514482.5,2.49399,2024-11-10 18:34:43.531853,DQN
670,-85.45833,3124133.2,-15.80661,2024-11-10 18:34:43.531853,DQN
671,-290.82083,3149052.2,7.76083,2024-11-10 18:34:43.531853,DQN
672,-244.23553,3362860.2,26.06337,2024-11-10 18:34:43.531853,DQN
673,-260.52333,2880289.0,-21.17676,2024-11-10 18:34:43.531853,DQN
674,-196.37083,4470038.5,9.76511,2024-11-10 18:34:43.531853,DQN
675,-255.06333,5662809.0,-13.61211,2024-11-10 18:34:43.531853,DQN
676,-270.52333,3267049.2,-18.63386,2024-11-10 18:34:43.531853,DQN
677,-263.66333,6176546.0,9.41098,2024-11-10 18:34:43.531853,DQN
678,-34.99657,5947269.5,23.35559,2024-11-10 18:34:43.531853,DQN
679,-290.82083,6041070.0,-1.31941,2024-11-10 18:34:43.531853,DQN
680,-205.37083,5530566.5,-27.04715,2024-11-10 18:34:43.531853,DQN
681,-264.45333,3849876.2,-5.67888,2024-11-10 18:34:43.531853,DQN
682,-257.61333,3943491.2,-13.12376,2024-11-10 18:34:43.531853,DQN
683,-253.45333,3422163.2,-29.44825,2024-11-10 18:34:43.531853,DQN
684,-275.00000,3123685.8,-168.16205,2024-11-10 18:34:43.531853,DQN
685,-275.00000,2684704.5,-168.16205,2024-11-10 18:34:43.531853,DQN
686,-279.23333,3230132.0,5.12821,2024-11-10 18:34:43.531853,DQN
687,-264.45333,3231815.8,11.64295,2024-11-10 18:34:43.531853,DQN
688,-271.52333,2990360.2,9.29462,2024-11-10 18:34:43.531853,DQN
689,-276.45833,2802402.8,15.18193,2024-11-10 18:34:43.531853,DQN
690,-35.45833,2833438.8,-9.44936,2024-11-10 18:34:43.531853,DQN
691,-279.23333,3381286.2,4.53163,2024-11-10 18:34:43.531853,DQN
692,-284.45333,3647839.2,-0.71987,2024-11-10 18:34:43.531853,DQN
693,-266.45833,2895736.2,12.51096,2024-11-10 18:34:43.531853,DQN
694,-284.45333,3186316.2,3.71262,2024-11-10 18:34:43.531853,DQN
695,-255.06333,3435497.8,2.11669,2024-11-10 18:34:43.531853,DQN
696,-284.45333,3056151.0,4.69502,2024-11-10 18:34:43.531853,DQN
697,-290.82083,2934636.0,11.09599,2024-11-10 18:34:43.531853,DQN
698,-270.82083,2782446.2,2.39936,2024-11-10 18:34:43.531853,DQN
699,-260.61625,8927316.0,35.81414,2024-11-10 18:34:43.531853,DQN
700,-264.68333,6982827.0,-3.72631,2024-11-10 18:34:43.531853,DQN
701,-275.00000,5038204.0,-168.16205,2024-11-10 18:34:43.531853,DQN
702,-267.61333,4006906.0,-25.63740,2024-11-10 18:34:43.531853,DQN
703,-248.61333,3665842.2,9.11025,2024-11-10 18:34:43.531853,DQN
704,-275.00000,3387487.2,-168.16205,2024-11-10 18:34:43.531853,DQN
705,-268.61333,4066161.2,17.40160,2024-11-10 18:34:43.531853,DQN
706,-253.68333,3584974.0,-20.90258,2024-11-10 18:34:43.531853,DQN
707,-241.02509,2950862.2,-8.67893,2024-11-10 18:34:43.531853,DQN
708,-246.33333,3471758.2,7.36600,2024-11-10 18:34:43.531853,DQN
709,-263.66333,3459870.5,-11.88737,2024-11-10 18:34:43.531853,DQN
710,-275.00000,3076860.2,-168.16205,2024-11-10 18:34:43.531853,DQN
711,-233.27333,2989424.2,-16.41725,2024-11-10 18:34:43.531853,DQN
712,-266.33333,3290376.8,1.34981,2024-11-10 18:34:43.531853,DQN
713,-270.23333,3121872.2,39.08693,2024-11-10 18:34:43.531853,DQN
714,-275.00000,2719514.0,-168.16205,2024-11-10 18:34:43.531853,DQN
715,-290.82083,2949232.2,10.26381,2024-11-10 18:34:43.531853,DQN
716,-244.68333,3648075.8,9.06282,2024-11-10 18:34:43.531853,DQN
717,-243.66333,9829791.0,-9.45353,2024-11-10 18:34:43.531853,DQN
718,-267.20083,5165624.0,-20.68040,2024-11-10 18:34:43.531853,DQN
719,-275.00000,4599274.0,-168.16205,2024-11-10 18:34:43.531853,DQN
720,-196.37083,3641458.2,13.50567,2024-11-10 18:34:43.531853,DQN
721,-116.45833,5023480.0,4.02866,2024-11-10 18:34:43.531853,DQN
722,-259.23333,3771947.2,9.29490,2024-11-10 18:34:43.531853,DQN
723,-255.06333,3771260.0,8.23849,2024-11-10 18:34:43.531853,DQN
724,-275.00000,3191787.0,-168.16205,2024-11-10 18:34:43.531853,DQN
725,-287.20083,3325946.0,-10.21899,2024-11-10 18:34:43.531853,DQN
726,-258.84740,4051356.2,54.75511,2024-11-10 18:34:43.531853,DQN
727,-56.45833,3048881.8,13.75153,2024-11-10 18:34:43.531853,DQN
728,-267.20083,2953809.5,-26.14771,2024-11-10 18:34:43.531853,DQN
729,-270.82083,3219027.0,22.43574,2024-11-10 18:34:43.531853,DQN
730,-36.45833,3038210.0,11.78217,2024-11-10 18:34:43.531853,DQN
731,-255.45833,3124159.0,-11.70552,2024-11-10 18:34:43.531853,DQN
732,-56.45833,2918928.2,27.36540,2024-11-10 18:34:43.531853,DQN
733,-275.00000,2459468.8,-168.16205,2024-11-10 18:34:43.531853,DQN
734,-156.45833,2484588.2,2.95532,2024-11-10 18:34:43.531853,DQN
735,-229.80282,3210740.0,11.17528,2024-11-10 18:34:43.531853,DQN
736,-234.66333,4652961.0,14.28654,2024-11-10 18:34:43.531853,DQN
737,-273.45333,2550835.8,-13.08624,2024-11-10 18:34:43.531853,DQN
738,-263.66333,2604421.2,4.99364,2024-11-10 18:34:43.531853,DQN
739,-275.00000,2338349.8,-168.16205,2024-11-10 18:34:43.531853,DQN
740,-185.45833,2604180.0,-24.75801,2024-11-10 18:34:43.531853,DQN
741,-195.45833,9764875.0,-36.03260,2024-11-10 18:34:43.531853,DQN
742,-187.45833,10527348.0,9.29772,2024-11-10 18:34:43.531853,DQN
743,-195.45833,10487844.0,-21.97643,2024-11-10 18:34:43.531853,DQN
744,-116.45833,10402841.0,3.70875,2024-11-10 18:34:43.531853,DQN
745,-266.45833,10451754.0,-6.62984,2024-11-10 18:34:43.531853,DQN
746,-220.71172,4788321.5,4.56336,2024-11-10 18:34:43.531853,DQN
747,-279.23333,5851499.5,1.87970,2024-11-10 18:34:43.531853,DQN
748,43.54167,4366338.5,32.60388,2024-11-10 18:34:43.531853,DQN
749,-250.82083,6489462.5,21.48955,2024-11-10 18:34:43.531853,DQN
750,-85.45833,3452931.2,-3.67517,2024-11-10 18:34:43.531853,DQN
751,-275.45833,3965821.5,-6.63026,2024-11-10 18:34:43.531853,DQN
752,-268.61333,3051080.8,7.86479,2024-11-10 18:34:43.531853,DQN
753,-254.45333,3808640.5,20.80141,2024-11-10 18:34:43.531853,DQN
754,43.54167,3469570.2,18.93799,2024-11-10 18:34:43.531853,DQN
755,-85.45833,3276799.2,-7.16733,2024-11-10 18:34:43.531853,DQN
756,-275.45833,2647686.8,-10.32174,2024-11-10 18:34:43.531853,DQN
757,-163.46855,3404513.2,10.51973,2024-11-10 18:34:43.531853,DQN
758,-296.45833,3747411.5,17.92121,2024-11-10 18:34:43.531853,DQN
759,43.54167,3111624.5,17.20852,2024-11-10 18:34:43.531853,DQN
760,-275.45333,3351378.2,32.72780,2024-11-10 18:34:43.531853,DQN
761,-156.45833,2712262.0,4.33606,2024-11-10 18:34:43.531853,DQN
762,-257.61333,3251899.0,-20.42531,2024-11-10 18:34:43.531853,DQN
763,43.54167,3263155.2,13.84740,2024-11-10 18:34:43.531853,DQN
764,-276.45833,3172757.5,4.95353,2024-11-10 18:34:43.531853,DQN
765,-6.45833,2807404.2,23.24674,2024-11-10 18:34:43.531853,DQN
766,-258.20083,4231137.0,-2.40353,2024-11-10 18:34:43.531853,DQN
767,-232.27333,3273242.5,-27.26702,2024-11-10 18:34:43.531853,DQN
768,-250.82083,4586241.5,5.40390,2024-11-10 18:34:43.531853,DQN
769,-250.82083,3448091.2,12.37168,2024-11-10 18:34:43.531853,DQN
770,-258.20083,4081790.2,13.27647,2024-11-10 18:34:43.531853,DQN
771,-189.51157,2786515.2,2.24018,2024-11-10 18:34:43.531853,DQN
772,-277.45833,3049585.2,21.77230,2024-11-10 18:34:43.531853,DQN
773,-264.45333,5267725.0,16.72825,2024-11-10 18:34:43.531853,DQN
774,-167.45833,5374551.0,23.33886,2024-11-10 18:34:43.531853,DQN
775,-275.00000,2869677.5,-168.16205,2024-11-10 18:34:43.531853,DQN
776,-205.37083,2929246.2,-25.61094,2024-11-10 18:34:43.531853,DQN
777,-185.45833,2916101.2,-24.85272,2024-11-10 18:34:43.531853,DQN
778,-136.45833,4763580.0,2.86566,2024-11-10 18:34:43.531853,DQN
779,-275.00000,1951994.1,-168.16205,2024-11-10 18:34:43.531853,DQN
780,-279.82083,2044189.1,-12.15792,2024-11-10 18:34:43.531853,DQN
781,-284.45333,2710463.8,10.62409,2024-11-10 18:34:43.531853,DQN
782,-275.00000,2852705.0,-168.16205,2024-11-10 18:34:43.531853,DQN
783,-233.27333,2278698.0,-2.65467,2024-11-10 18:34:43.531853,DQN
784,-290.23333,3485705.5,33.73154,2024-11-10 18:34:43.531853,DQN
785,-290.82083,2881563.5,0.84249,2024-11-10 18:34:43.531853,DQN
786,-250.82083,2489523.0,10.49169,2024-11-10 18:34:43.531853,DQN
787,43.54167,2511516.5,30.39224,2024-11-10 18:34:43.531853,DQN
788,-250.82083,2567428.2,22.05509,2024-11-10 18:34:43.531853,DQN
789,-196.45833,4033036.2,0.55651,2024-11-10 18:34:43.531853,DQN
790,-292.13050,4922155.5,45.90030,2024-11-10 18:34:43.531853,DQN
791,-206.37083,4051104.8,-0.31788,2024-11-10 18:34:43.531853,DQN
792,-161.82385,5565995.0,33.25237,2024-11-10 18:34:43.531853,DQN
793,-250.82083,4145786.2,4.42847,2024-11-10 18:34:43.531853,DQN
794,-267.20083,3848216.2,-19.82389,2024-11-10 18:34:43.531853,DQN
795,-268.20083,5640802.0,-8.97705,2024-11-10 18:34:43.531853,DQN
796,-268.61333,3355250.2,5.34449,2024-11-10 18:34:43.531853,DQN
797,-275.00000,2597872.5,-168.16205,2024-11-10 18:34:43.531853,DQN
798,-275.00000,2365566.2,-168.16205,2024-11-10 18:34:43.531853,DQN
799,-253.45333,2778779.0,-20.44325,2024-11-10 18:34:43.531853,DQN
800,-275.00000,2590815.8,-168.16205,2024-11-10 18:34:43.531853,DQN
801,-271.52333,2428621.8,4.09432,2024-11-10 18:34:43.531853,DQN
802,-56.45833,3455942.0,11.19188,2024-11-10 18:34:43.531853,DQN
803,-263.66333,3175583.8,-5.68768,2024-11-10 18:34:43.531853,DQN
804,-276.45833,3643744.2,14.83598,2024-11-10 18:34:43.531853,DQN
805,-186.45833,7422701.0,16.48861,2024-11-10 18:34:43.531853,DQN
806,-145.45833,2491613.2,-25.00691,2024-11-10 18:34:43.531853,DQN
807,-254.45333,4763095.5,-2.04021,2024-11-10 18:34:43.531853,DQN
808,-265.06333,3229779.2,-1.96073,2024-11-10 18:34:43.531853,DQN
809,-279.82083,2504991.2,-26.37767,2024-11-10 18:34:43.531853,DQN
810,-250.82083,3349220.2,2.08551,2024-11-10 18:34:43.531853,DQN
811,-259.23333,2634402.5,1.10139,2024-11-10 18:34:43.531853,DQN
812,-244.16107,2367521.2,-28.86305,2024-11-10 18:34:43.531853,DQN
813,-269.23333,2860667.2,0.29009,2024-11-10 18:34:43.531853,DQN
814,-155.93000,3149565.2,-25.31117,2024-11-10 18:34:43.531853,DQN
815,-116.64667,4684486.5,3.22147,2024-11-10 18:34:43.531853,DQN
816,-260.82083,3832669.2,12.53472,2024-11-10 18:34:43.531853,DQN
817,-271.52333,2423758.0,15.11518,2024-11-10 18:34:43.531853,DQN
818,-264.06333,2286340.2,-13.41695,2024-11-10 18:34:43.531853,DQN
819,43.54167,3957317.5,17.29127,2024-11-10 18:34:43.531853,DQN
820,-259.23333,3356346.5,2.04736,2024-11-10 18:34:43.531853,DQN
821,-274.45333,3530198.2,15.16542,2024-11-10 18:34:43.531853,DQN
822,-279.23333,3449357.5,4.38085,2024-11-10 18:34:43.531853,DQN
823,-260.52333,3015267.0,-18.85290,2024-11-10 18:34:43.531853,DQN
824,-187.45833,3435645.0,14.49215,2024-11-10 18:34:43.531853,DQN
825,-270.82083,5674430.0,-0.02642,2024-11-10 18:34:43.531853,DQN
826,-255.45333,2864487.5,34.91370,2024-11-10 18:34:43.531853,DQN
827,-250.82083,2739696.5,2.77905,2024-11-10 18:34:43.531853,DQN
828,43.54167,3146463.2,6.08330,2024-11-10 18:34:43.531853,DQN
829,-188.27087,2799474.0,7.28052,2024-11-10 18:34:43.531853,DQN
830,-273.45333,2313814.5,-31.90964,2024-11-10 18:34:43.531853,DQN
831,-256.33333,5697881.0,-10.23673,2024-11-10 18:34:43.531853,DQN
832,-275.00000,2466955.5,-168.16205,2024-11-10 18:34:43.531853,DQN
833,-279.23333,2253784.5,21.22688,2024-11-10 18:34:43.531853,DQN
834,-96.45833,3984912.2,21.17474,2024-11-10 18:34:43.531853,DQN
835,-262.52333,4126607.0,33.93469,2024-11-10 18:34:43.531853,DQN
836,-264.45333,3654849.0,-0.57048,2024-11-10 18:34:43.531853,DQN
837,-266.45833,4331060.0,-13.47912,2024-11-10 18:34:43.531853,DQN
838,-196.37083,5565189.5,0.17379,2024-11-10 18:34:43.531853,DQN
839,-263.66333,5234175.0,3.82372,2024-11-10 18:34:43.531853,DQN
840,-271.52333,3897332.2,19.81768,2024-11-10 18:34:43.531853,DQN
841,-262.21181,8331923.0,48.05351,2024-11-10 18:34:43.531853,DQN
842,-263.66333,4388753.0,-12.80351,2024-11-10 18:34:43.531853,DQN
843,-269.23333,3758244.2,7.78618,2024-11-10 18:34:43.531853,DQN
844,43.54167,3441008.0,18.17208,2024-11-10 18:34:43.531853,DQN
845,-281.82083,3598525.0,39.94228,2024-11-10 18:34:43.531853,DQN
846,-56.45833,3547555.0,7.75266,2024-11-10 18:34:43.531853,DQN
847,-196.45833,3053915.0,15.90211,2024-11-10 18:34:43.531853,DQN
848,-255.33333,2629741.0,-22.38513,2024-11-10 18:34:43.531853,DQN
849,72.54167,2741082.0,45.29965,2024-11-10 18:34:43.531853,DQN
850,-251.82083,3380092.0,26.83120,2024-11-10 18:34:43.531853,DQN
851,-279.23333,4124407.0,-6.94029,2024-11-10 18:34:43.531853,DQN
852,-250.82083,3854547.0,14.80729,2024-11-10 18:34:43.531853,DQN
853,-27.45833,3156521.0,22.57597,2024-11-10 18:34:43.531853,DQN
854,-250.82083,3346170.0,5.44861,2024-11-10 18:34:43.531853,DQN
855,-196.37083,2880108.2,13.26669,2024-11-10 18:34:43.531853,DQN
856,-56.45833,2923444.0,9.49994,2024-11-10 18:34:43.531853,DQN
857,-250.82083,4700615.5,-10.53403,2024-11-10 18:34:43.531853,DQN
858,-271.52333,5750880.0,-4.10862,2024-11-10 18:34:43.531853,DQN
859,-258.20083,3131884.0,13.03073,2024-11-10 18:34:43.531853,DQN
860,-266.45833,3811854.2,22.11462,2024-11-10 18:34:43.531853,DQN
861,-266.33333,2546548.2,-8.55175,2024-11-10 18:34:43.531853,DQN
862,72.54167,2740769.0,45.40116,2024-11-10 18:34:43.531853,DQN
863,-116.45833,2931321.5,23.03748,2024-11-10 18:34:43.531853,DQN
864,-258.20083,3100541.8,-1.01475,2024-11-10 18:34:43.531853,DQN
865,-271.52333,2817397.0,13.58021,2024-11-10 18:34:43.531853,DQN
866,-284.45333,2601234.0,12.91121,2024-11-10 18:34:43.531853,DQN
867,-271.52333,2721863.2,-1.05775,2024-11-10 18:34:43.531853,DQN
868,-276.45833,2684777.8,-9.66381,2024-11-10 18:34:43.531853,DQN
869,-96.45833,3133735.8,18.10678,2024-11-10 18:34:43.531853,DQN
870,-266.45833,3290823.0,3.49735,2024-11-10 18:34:43.531853,DQN
871,-267.80582,3736829.2,23.19333,2024-11-10 18:34:43.531853,DQN
872,-266.45833,3108457.0,2.12800,2024-11-10 18:34:43.531853,DQN
873,-266.33333,2559761.2,-1.75931,2024-11-10 18:34:43.531853,DQN
874,-250.82083,3316607.0,18.25412,2024-11-10 18:34:43.531853,DQN
875,-263.66333,2784814.0,-2.27968,2024-11-10 18:34:43.531853,DQN
876,118.24167,2858709.0,28.73171,2024-11-10 18:34:43.531853,DQN
877,-116.45833,2475543.0,2.24365,2024-11-10 18:34:43.531853,DQN
878,-196.45833,3373739.0,-1.74565,2024-11-10 18:34:43.531853,DQN
879,-116.45833,4075011.0,4.04838,2024-11-10 18:34:43.531853,DQN
880,-279.23333,4509811.5,2.26464,2024-11-10 18:34:43.531853,DQN
881,72.54167,2995052.5,45.36571,2024-11-10 18:34:43.531853,DQN
882,43.54167,2629975.2,17.18665,2024-11-10 18:34:43.531853,DQN
883,-258.20083,2506641.2,16.00200,2024-11-10 18:34:43.531853,DQN
884,-279.23333,2394951.2,8.76861,2024-11-10 18:34:43.531853,DQN
885,-250.82083,2930262.0,10.71981,2024-11-10 18:34:43.531853,DQN
886,43.54167,2800329.0,28.38978,2024-11-10 18:34:43.531853,DQN
887,-259.23333,2343856.0,10.95873,2024-11-10 18:34:43.531853,DQN
888,-166.45833,3021650.2,1.07611,2024-11-10 18:34:43.531853,DQN
889,-279.23333,2313638.5,-1.84773,2024-11-10 18:34:43.531853,DQN
890,-196.45833,2561201.5,13.05048,2024-11-10 18:34:43.531853,DQN
891,-196.45833,2444977.0,9.67101,2024-11-10 18:34:43.531853,DQN
892,-279.23333,3441332.2,-11.57163,2024-11-10 18:34:43.531853,DQN
893,-266.33333,2271039.0,8.47488,2024-11-10 18:34:43.531853,DQN
894,-274.45333,1958402.9,5.31401,2024-11-10 18:34:43.531853,DQN
895,-284.45333,1952693.9,7.18211,2024-11-10 18:34:43.531853,DQN
896,-131.37323,2175508.0,52.53589,2024-11-10 18:34:43.531853,DQN
897,-265.06333,2653861.0,-3.05453,2024-11-10 18:34:43.531853,DQN
898,-250.82083,3377242.0,-4.14270,2024-11-10 18:34:43.531853,DQN
899,-255.06333,5827768.0,4.19681,2024-11-10 18:34:43.531853,DQN
900,-284.45333,3945802.8,-9.72527,2024-11-10 18:34:43.531853,DQN
901,-196.45833,3599810.2,5.70578,2024-11-10 18:34:43.531853,DQN
902,-255.06333,2830275.2,-2.91417,2024-11-10 18:34:43.531853,DQN
903,-271.82083,3038990.2,34.78366,2024-11-10 18:34:43.531853,DQN
904,-261.52333,2220387.0,12.90403,2024-11-10 18:34:43.531853,DQN
905,-275.00000,1745443.1,-159.34585,2024-11-10 18:34:43.531853,DQN
906,43.54167,2548192.0,29.08009,2024-11-10 18:34:43.531853,DQN
907,-266.45833,2935981.0,21.80825,2024-11-10 18:34:43.531853,DQN
908,43.54167,2513742.0,17.24611,2024-11-10 18:34:43.531853,DQN
909,-258.20083,2296444.2,2.34148,2024-11-10 18:34:43.531853,DQN
910,-250.23333,2009366.1,34.09317,2024-11-10 18:34:43.531853,DQN
911,-274.06333,2044639.0,-14.16834,2024-11-10 18:34:43.531853,DQN
912,-258.61333,2570324.0,-4.80368,2024-11-10 18:34:43.531853,DQN
913,-258.20083,2474328.0,5.37717,2024-11-10 18:34:43.531853,DQN
914,-279.23333,2113285.8,5.54522,2024-11-10 18:34:43.531853,DQN
915,-250.82083,2321276.0,2.82208,2024-11-10 18:34:43.531853,DQN
916,43.54167,1877327.9,31.31880,2024-11-10 18:34:43.531853,DQN
917,-116.45833,2046049.4,6.83193,2024-11-10 18:34:43.531853,DQN
918,43.54167,2592459.5,6.64245,2024-11-10 18:34:43.531853,DQN
919,-250.82083,2241575.8,20.45848,2024-11-10 18:34:43.531853,DQN
920,-271.52333,2394063.0,4.61988,2024-11-10 18:34:43.531853,DQN
921,72.54167,2160065.0,45.40116,2024-11-10 18:34:43.531853,DQN
922,43.54167,2084904.1,28.10141,2024-11-10 18:34:43.531853,DQN
923,-116.45833,2099207.0,22.02910,2024-11-10 18:34:43.531853,DQN
924,-263.66333,2003957.1,7.63362,2024-11-10 18:34:43.531853,DQN
925,-275.06333,2821414.0,5.71289,2024-11-10 18:34:43.531853,DQN
926,-276.45833,2274280.0,-2.31775,2024-11-10 18:34:43.531853,DQN
927,-266.45833,3514705.0,5.23213,2024-11-10 18:34:43.531853,DQN
928,-264.68333,2849249.0,4.20483,2024-11-10 18:34:43.531853,DQN
929,-124.57003,2362771.0,1.37440,2024-11-10 18:34:43.531853,DQN
930,-284.45333,2180643.5,8.49551,2024-11-10 18:34:43.531853,DQN
931,-264.45333,3618733.8,13.00680,2024-11-10 18:34:43.531853,DQN
932,-253.27333,2319942.2,-17.26291,2024-11-10 18:34:43.531853,DQN
933,-263.66333,2726533.0,-10.20971,2024-11-10 18:34:43.531853,DQN
934,-275.06333,2215027.0,-2.89904,2024-11-10 18:34:43.531853,DQN
935,-264.68333,4467310.5,-4.40520,2024-11-10 18:34:43.531853,DQN
936,-196.45833,2283137.0,9.14330,2024-11-10 18:34:43.531853,DQN
937,-196.45833,2414223.2,-1.03844,2024-11-10 18:34:43.531853,DQN
938,-268.61333,3269764.0,-7.56906,2024-11-10 18:34:43.531853,DQN
939,-274.45333,2969992.0,3.99486,2024-11-10 18:34:43.531853,DQN
940,-250.82083,2098882.0,20.36653,2024-11-10 18:34:43.531853,DQN
941,-56.45833,2197382.0,13.12609,2024-11-10 18:34:43.531853,DQN
942,-250.82083,2529221.0,10.01706,2024-11-10 18:34:43.531853,DQN
943,-250.82083,3016848.0,8.40343,2024-11-10 18:34:43.531853,DQN
944,-116.45833,4492489.5,8.60998,2024-11-10 18:34:43.531853,DQN
945,-256.33333,4203968.5,6.40373,2024-11-10 18:34:43.531853,DQN
946,-267.20083,2321167.5,-24.96120,2024-11-10 18:34:43.531853,DQN
947,-243.66333,2454792.0,11.17639,2024-11-10 18:34:43.531853,DQN
948,-264.68333,2630565.0,-2.95861,2024-11-10 18:34:43.531853,DQN
949,-279.23333,2341781.0,18.00756,2024-11-10 18:34:43.531853,DQN
950,-145.45833,2210837.0,-7.99906,2024-11-10 18:34:43.531853,DQN
951,-258.20083,2694964.0,15.12359,2024-11-10 18:34:43.531853,DQN
952,-266.45833,2143209.8,21.54430,2024-11-10 18:34:43.531853,DQN
953,-275.45833,1982841.0,-9.26422,2024-11-10 18:34:43.531853,DQN
954,-56.45833,2121103.0,1.74066,2024-11-10 18:34:43.531853,DQN
955,-250.82083,7506724.0,-5.60300,2024-11-10 18:34:43.531853,DQN
956,-136.45833,6345933.0,1.42759,2024-11-10 18:34:43.531853,DQN
957,-268.61333,7365117.0,-13.62763,2024-11-10 18:34:43.531853,DQN
958,-264.45333,6507589.5,15.02762,2024-11-10 18:34:43.531853,DQN
959,43.54167,4497283.5,28.00946,2024-11-10 18:34:43.531853,DQN
960,-253.27333,3613451.0,-2.16610,2024-11-10 18:34:43.531853,DQN
961,-256.33333,3036223.5,-17.87188,2024-11-10 18:34:43.531853,DQN
962,-253.27333,2650103.5,-0.71174,2024-11-10 18:34:43.531853,DQN
963,-265.06333,2326122.5,-8.41062,2024-11-10 18:34:43.531853,DQN
964,43.54167,2176118.5,17.18665,2024-11-10 18:34:43.531853,DQN
965,-271.52333,2026345.5,3.09721,2024-11-10 18:34:43.531853,DQN
966,43.54167,2458544.2,13.83414,2024-11-10 18:34:43.531853,DQN
967,-116.45833,2194624.8,14.48515,2024-11-10 18:34:43.531853,DQN
968,43.54167,1774517.0,17.20852,2024-11-10 18:34:43.531853,DQN
969,-275.00000,1630158.9,-168.16205,2024-11-10 18:34:43.531853,DQN
970,-259.82083,1844419.9,-6.84791,2024-11-10 18:34:43.531853,DQN
971,-196.45833,2089528.4,-9.81568,2024-11-10 18:34:43.531853,DQN
972,-264.06333,1834126.4,-20.30618,2024-11-10 18:34:43.531853,DQN
973,43.54167,1888183.0,17.26278,2024-11-10 18:34:43.531853,DQN
974,-255.33333,2050986.4,-27.45592,2024-11-10 18:34:43.531853,DQN
975,-196.45833,2704410.8,3.83453,2024-11-10 18:34:43.531853,DQN
976,-196.45833,2862822.8,3.02631,2024-11-10 18:34:43.531853,DQN
977,-196.45833,2796312.8,8.59325,2024-11-10 18:34:43.531853,DQN
978,-284.45333,2681294.5,-2.63923,2024-11-10 18:34:43.531853,DQN
979,-271.52333,2669770.2,6.06279,2024-11-10 18:34:43.531853,DQN
980,-266.45833,2408888.2,19.30467,2024-11-10 18:34:43.531853,DQN
981,-275.00000,1693764.9,-168.16205,2024-11-10 18:34:43.531853,DQN
982,-256.45833,1698597.4,-2.80163,2024-11-10 18:34:43.531853,DQN
983,-260.82083,2191090.0,-14.44789,2024-11-10 18:34:43.531853,DQN
984,-296.45833,2236181.0,10.41703,2024-11-10 18:34:43.531853,DQN
985,43.54167,1854078.1,30.85796,2024-11-10 18:34:43.531853,DQN
986,-7.45833,1711918.8,42.07965,2024-11-10 18:34:43.531853,DQN
987,-165.45833,2120971.8,-8.68534,2024-11-10 18:34:43.531853,DQN
988,-65.45833,1849303.8,-6.65275,2024-11-10 18:34:43.531853,DQN
989,-250.82083,1519834.2,0.26542,2024-11-10 18:34:43.531853,DQN
990,14.54167,2437249.0,-3.83175,2024-11-10 18:34:43.531853,DQN
991,-166.93000,2106472.0,5.72223,2024-11-10 18:34:43.531853,DQN
992,-116.45833,1722868.2,9.68741,2024-11-10 18:34:43.531853,DQN
993,-251.52333,2040396.4,7.19932,2024-11-10 18:34:43.531853,DQN
994,-275.45833,2036413.4,-10.36659,2024-11-10 18:34:43.531853,DQN
995,-263.66333,1593114.5,8.35060,2024-11-10 18:34:43.531853,DQN
996,-270.82083,1817529.0,17.04455,2024-11-10 18:34:43.531853,DQN
997,-275.00000,1441698.5,-168.16205,2024-11-10 18:34:43.531853,DQN
998,-284.45333,1540043.0,16.84922,2024-11-10 18:34:43.531853,DQN
999,-257.61333,1436554.4,-17.76977,2024-11-10 18:34:43.531853,DQN
1000,43.54167,1347500.6,9.04419,2024-11-10 18:34:43.531853,DQN
1001,-275.00000,1591682.5,-161.45995,2024-11-10 18:34:43.531853,DQN
1002,-145.45833,2000727.0,-11.88445,2024-11-10 18:34:43.531853,DQN
1003,-116.45833,2228161.2,6.02135,2024-11-10 18:34:43.531853,DQN
1004,-255.45333,1662312.8,13.97565,2024-11-10 18:34:43.531853,DQN
1005,-268.61333,1728565.4,3.16937,2024-11-10 18:34:43.531853,DQN
1006,-256.33333,1339893.4,-1.26080,2024-11-10 18:34:43.531853,DQN
1007,-65.45833,1389785.2,-6.25835,2024-11-10 18:34:43.531853,DQN
1008,-196.37083,1509498.5,12.06757,2024-11-10 18:34:43.531853,DQN
1009,-263.66333,1633832.5,-7.58790,2024-11-10 18:34:43.531853,DQN
1010,-255.45333,3907329.8,28.46638,2024-11-10 18:34:43.531853,DQN
1011,-36.45833,2315274.5,24.03703,2024-11-10 18:34:43.531853,DQN
1012,-196.45833,1961189.2,9.20594,2024-11-10 18:34:43.531853,DQN
1013,-259.23333,1267243.2,-1.35009,2024-11-10 18:34:43.531853,DQN
1014,-196.45833,2884554.2,12.81313,2024-11-10 18:34:43.531853,DQN
1015,-258.20083,1823833.6,2.15005,2024-11-10 18:34:43.531853,DQN
1016,-276.45833,2801186.5,-6.18966,2024-11-10 18:34:43.531853,DQN
1017,43.54167,3305664.2,15.23819,2024-11-10 18:34:43.531853,DQN
1018,-196.45833,1827891.0,11.20553,2024-11-10 18:34:43.531853,DQN
1019,43.54167,1501381.0,7.42679,2024-11-10 18:34:43.531853,DQN
1020,43.54167,1304485.5,17.16385,2024-11-10 18:34:43.531853,DQN
1021,-36.45833,2171435.0,3.50126,2024-11-10 18:34:43.531853,DQN
1022,-259.82083,1109133.5,-9.85518,2024-11-10 18:34:43.531853,DQN
1023,-275.00000,942714.75,-168.16205,2024-11-10 18:34:43.531853,DQN
1024,-253.68333,1003903.75,-16.27171,2024-11-10 18:34:43.531853,DQN
1025,-275.00000,1198640.0,-168.16205,2024-11-10 18:34:43.531853,DQN
1026,43.54167,1077592.5,28.03159,2024-11-10 18:34:43.531853,DQN
1027,-258.20083,1093746.8,5.22611,2024-11-10 18:34:43.531853,DQN
1028,-266.45833,1450570.0,21.58779,2024-11-10 18:34:43.531853,DQN
1029,-259.82083,1645529.5,-9.25113,2024-11-10 18:34:43.531853,DQN
1030,-258.20083,1356094.0,6.33940,2024-11-10 18:34:43.531853,DQN
1031,-233.27333,1703638.5,2.00349,2024-11-10 18:34:43.531853,DQN
1032,-263.66333,1545410.4,6.35591,2024-11-10 18:34:43.531853,DQN
1033,-259.82083,1373286.4,-10.32711,2024-11-10 18:34:43.531853,DQN
1034,-275.45833,1269715.9,-8.98349,2024-11-10 18:34:43.531853,DQN
1035,-116.64667,1383523.9,18.43583,2024-11-10 18:34:43.531853,DQN
1036,-266.45833,1333480.9,21.52577,2024-11-10 18:34:43.531853,DQN
1037,-36.45833,969550.9,12.83198,2024-11-10 18:34:43.531853,DQN
1038,-259.82083,1137082.2,-10.33755,2024-11-10 18:34:43.531853,DQN
1039,-255.33333,1082378.2,-26.99823,2024-11-10 18:34:43.531853,DQN
1040,-36.45833,986891.56,23.59982,2024-11-10 18:34:43.531853,DQN
1041,-116.64667,2225865.0,7.67473,2024-11-10 18:34:43.531853,DQN
1042,-243.66333,1593363.0,-1.91047,2024-11-10 18:34:43.531853,DQN
1043,-250.82083,1303410.4,10.57651,2024-11-10 18:34:43.531853,DQN
1044,-250.82083,1518732.8,-1.32452,2024-11-10 18:34:43.531853,DQN
1045,-36.45833,1233748.0,13.66768,2024-11-10 18:34:43.531853,DQN
1046,-167.93000,1139188.0,16.48036,2024-11-10 18:34:43.531853,DQN
1047,-266.45833,966755.56,9.58009,2024-11-10 18:34:43.531853,DQN
1048,-56.45833,941932.7,13.02308,2024-11-10 18:34:43.531853,DQN
1049,-248.61333,2503640.5,4.97321,2024-11-10 18:34:43.531853,DQN
1050,-270.82083,1590188.9,-8.20419,2024-11-10 18:34:43.531853,DQN
1051,-116.45833,1765558.8,6.36647,2024-11-10 18:34:43.531853,DQN
1052,-263.66333,1744896.6,-9.16494,2024-11-10 18:34:43.531853,DQN
1053,-290.82083,2007244.2,13.22922,2024-11-10 18:34:43.531853,DQN
1054,-258.20083,1209945.9,-1.76033,2024-11-10 18:34:43.531853,DQN
1055,-290.82083,1149532.5,-2.23841,2024-11-10 18:34:43.531853,DQN
1056,-271.52333,2766913.8,4.16010,2024-11-10 18:34:43.531853,DQN
1057,-250.82083,2729804.2,-10.53403,2024-11-10 18:34:43.531853,DQN
1058,-253.66333,2877290.8,1.73546,2024-11-10 18:34:43.531853,DQN
1059,-258.20083,1761586.4,4.34902,2024-11-10 18:34:43.531853,DQN
1060,-116.45833,1601481.4,14.67209,2024-11-10 18:34:43.531853,DQN
1061,-65.45833,1627924.4,-8.19017,2024-11-10 18:34:43.531853,DQN
1062,-145.45833,1355972.0,-12.55314,2024-11-10 18:34:43.531853,DQN
1063,43.54167,1049579.0,28.05123,2024-11-10 18:34:43.531853,DQN
1064,-273.45333,873412.5,-17.24670,2024-11-10 18:34:43.531853,DQN
1065,43.54167,1246123.6,7.50559,2024-11-10 18:34:43.531853,DQN
1066,-290.82083,964374.5,16.35763,2024-11-10 18:34:43.531853,DQN
1067,-244.68333,709724.5,1.14909,2024-11-10 18:34:43.531853,DQN
1068,-258.20083,1125192.4,20.79830,2024-11-10 18:34:43.531853,DQN
1069,43.54167,1149587.6,28.38978,2024-11-10 18:34:43.531853,DQN
1070,43.54167,1159580.6,21.34350,2024-11-10 18:34:43.531853,DQN
1071,-136.45833,1056264.1,3.58734,2024-11-10 18:34:43.531853,DQN
1072,43.54167,887381.06,28.10141,2024-11-10 18:34:43.531853,DQN
1073,-269.20083,1257110.6,36.61934,2024-11-10 18:34:43.531853,DQN
1074,-261.52333,1356241.1,-4.80179,2024-11-10 18:34:43.531853,DQN
1075,-136.45833,1037669.56,24.22311,2024-11-10 18:34:43.531853,DQN
1076,-251.52333,1367849.6,14.93062,2024-11-10 18:34:43.531853,DQN
1077,-275.45833,1274620.6,-9.39363,2024-11-10 18:34:43.531853,DQN
1078,43.54167,1547311.1,28.38978,2024-11-10 18:34:43.531853,DQN
1079,-266.06333,1470436.6,41.02757,2024-11-10 18:34:43.531853,DQN
1080,-246.33333,1114574.1,11.00998,2024-11-10 18:34:43.531853,DQN
1081,-251.52333,1279482.4,5.55599,2024-11-10 18:34:43.531853,DQN
1082,-268.61333,1364593.9,-0.16703,2024-11-10 18:34:43.531853,DQN
1083,-274.45333,1650621.1,-9.27112,2024-11-10 18:34:43.531853,DQN
1084,14.54167,1500198.9,-3.91257,2024-11-10 18:34:43.531853,DQN
1085,-273.45333,977277.56,-11.72641,2024-11-10 18:34:43.531853,DQN
1086,-250.82083,1946095.4,19.55792,2024-11-10 18:34:43.531853,DQN
1087,-65.45833,763968.7,-16.52981,2024-11-10 18:34:43.531853,DQN
1088,-243.66333,826805.7,4.05208,2024-11-10 18:34:43.531853,DQN
1089,-253.68333,876485.4,-15.20751,2024-11-10 18:34:43.531853,DQN
1090,-196.37083,1032043.56,9.62482,2024-11-10 18:34:43.531853,DQN
1091,89.59226,2179632.0,20.81019,2024-11-10 18:34:43.531853,DQN
1092,-255.06333,899086.2,16.18352,2024-11-10 18:34:43.531853,DQN
1093,-264.45333,661218.7,-1.99862,2024-11-10 18:34:43.531853,DQN
1094,-253.66333,665817.6,-1.64861,2024-11-10 18:34:43.531853,DQN
1095,-250.82083,976781.6,6.57950,2024-11-10 18:34:43.531853,DQN
1096,-248.61333,936953.3,1.15656,2024-11-10 18:34:43.531853,DQN
1097,-270.23333,940278.5,24.31709,2024-11-10 18:34:43.531853,DQN
1098,-244.68333,953083.56,9.30814,2024-11-10 18:34:43.531853,DQN
1099,-116.45833,795964.6,3.22328,2024-11-10 18:34:43.531853,DQN
1100,-248.61333,731818.9,5.78860,2024-11-10 18:34:43.531853,DQN
1101,-275.45333,1481348.9,22.50564,2024-11-10 18:34:43.531853,DQN
1102,-288.20083,2241944.2,-1.05818,2024-11-10 18:34:43.531853,DQN
1103,-248.61333,1912984.1,9.71992,2024-11-10 18:34:43.531853,DQN
1104,-250.82083,2045347.5,-7.42045,2024-11-10 18:34:43.531853,DQN
1105,-196.37083,1189280.5,-2.79947,2024-11-10 18:34:43.531853,DQN
1106,14.54167,994096.0,-4.00012,2024-11-10 18:34:43.531853,DQN
1107,-273.45333,895847.4,-14.00927,2024-11-10 18:34:43.531853,DQN
1108,-290.82083,607483.44,12.97047,2024-11-10 18:34:43.531853,DQN
1109,-271.52333,1686647.1,15.45578,2024-11-10 18:34:43.531853,DQN
1110,-290.82083,1628028.1,12.30837,2024-11-10 18:34:43.531853,DQN
1111,-257.61333,924457.6,-21.40629,2024-11-10 18:34:43.531853,DQN
1112,-250.82083,795021.6,5.06993,2024-11-10 18:34:43.531853,DQN
1113,-115.45833,1212322.1,-17.20202,2024-11-10 18:34:43.531853,DQN
1114,-36.45833,1438819.1,18.03236,2024-11-10 18:34:43.531853,DQN
1115,-248.61333,1496348.4,-11.75541,2024-11-10 18:34:43.531853,DQN
1116,-284.45333,1324640.6,14.14782,2024-11-10 18:34:43.531853,DQN
1117,-246.33333,571709.4,2.70153,2024-11-10 18:34:43.531853,DQN
1118,-243.66333,654916.5,12.83333,2024-11-10 18:34:43.531853,DQN
1119,-264.06333,545603.5,-21.93326,2024-11-10 18:34:43.531853,DQN
1120,-250.82083,978866.06,20.29723,2024-11-10 18:34:43.531853,DQN
1121,-258.20083,715816.7,21.25119,2024-11-10 18:34:43.531853,DQN
1122,-255.06333,577425.7,10.06202,2024-11-10 18:34:43.531853,DQN
1123,-250.82083,730163.44,16.29657,2024-11-10 18:34:43.531853,DQN
1124,-259.23333,546459.2,6.12534,2024-11-10 18:34:43.531853,DQN
1125,-268.61333,1942063.4,-11.68839,2024-11-10 18:34:43.531853,DQN
1126,-243.66333,2064346.4,3.86571,2024-11-10 18:34:43.531853,DQN
1127,-136.45833,1543469.5,17.03300,2024-11-10 18:34:43.531853,DQN
1128,-271.52333,1219012.5,10.13444,2024-11-10 18:34:43.531853,DQN
1129,-257.61333,924903.0,-13.59729,2024-11-10 18:34:43.531853,DQN
1130,-275.45333,743639.6,24.32528,2024-11-10 18:34:43.531853,DQN
1131,-255.06333,1847980.6,4.88249,2024-11-10 18:34:43.531853,DQN
1132,-259.23333,1272793.1,7.58969,2024-11-10 18:34:43.531853,DQN
1133,43.54167,600958.5,28.10141,2024-11-10 18:34:43.531853,DQN
1134,-258.20083,566281.5,10.73340,2024-11-10 18:34:43.531853,DQN
1135,-268.61333,434623.62,11.16570,2024-11-10 18:34:43.531853,DQN
1136,-264.45333,706849.25,18.21032,2024-11-10 18:34:43.531853,DQN
1137,-253.68333,665725.25,-24.71025,2024-11-10 18:34:43.531853,DQN
1138,-244.68333,449284.25,0.24736,2024-11-10 18:34:43.531853,DQN
1139,-255.33333,1325322.4,-23.15275,2024-11-10 18:34:43.531853,DQN
1140,-56.45833,744458.4,8.24882,2024-11-10 18:34:43.531853,DQN
1141,-254.66333,643016.9,8.76067,2024-11-10 18:34:43.531853,DQN
1142,-273.45333,530419.1,-19.77492,2024-11-10 18:34:43.531853,DQN
1143,-116.45833,1207615.8,16.62918,2024-11-10 18:34:43.531853,DQN
1144,-243.66333,1002014.0,-6.16168,2024-11-10 18:34:43.531853,DQN
1145,-258.20083,886761.5,1.79873,2024-11-10 18:34:43.531853,DQN
1146,-250.82083,880114.25,5.18679,2024-11-10 18:34:43.531853,DQN
1147,-244.68333,517947.12,11.36649,2024-11-10 18:34:43.531853,DQN
1148,-266.45833,393900.12,14.98427,2024-11-10 18:34:43.531853,DQN
1149,-270.82083,727007.7,7.59393,2024-11-10 18:34:43.531853,DQN
1150,-270.82083,543447.6,9.29844,2024-11-10 18:34:43.531853,DQN
1151,-116.64667,523653.62,13.53647,2024-11-10 18:34:43.531853,DQN
1152,-116.45833,397967.88,16.73226,2024-11-10 18:34:43.531853,DQN
1153,-257.45833,594349.2,30.84968,2024-11-10 18:34:43.531853,DQN
1154,-155.93000,884633.6,-13.10213,2024-11-10 18:34:43.531853,DQN
1155,-264.45333,729095.6,7.85427,2024-11-10 18:34:43.531853,DQN
1156,-136.45833,652417.9,8.44421,2024-11-10 18:34:43.531853,DQN
1157,-36.45833,900587.0,11.41853,2024-11-10 18:34:43.531853,DQN
1158,-116.45833,796553.06,18.32043,2024-11-10 18:34:43.531853,DQN
1159,-282.52333,1947329.0,17.32713,2024-11-10 18:34:43.531853,DQN
1160,-279.82083,874165.2,-12.76418,2024-11-10 18:34:43.531853,DQN
1161,-258.20083,553236.6,9.52836,2024-11-10 18:34:43.531853,DQN
1162,-205.37083,282850.1,-20.78381,2024-11-10 18:34:43.531853,DQN
1163,-145.45833,572033.1,-8.73336,2024-11-10 18:34:43.531853,DQN
1164,-259.23333,747751.2,11.94355,2024-11-10 18:34:43.531853,DQN
1165,-87.45833,831138.94,41.05125,2024-11-10 18:34:43.531853,DQN
1166,-266.33333,764560.2,0.90373,2024-11-10 18:34:43.531853,DQN
1167,-281.82083,803597.5,20.43511,2024-11-10 18:34:43.531853,DQN
1168,-270.82083,1030404.6,12.43081,2024-11-10 18:34:43.531853,DQN
1169,-250.82083,1274439.6,20.23234,2024-11-10 18:34:43.531853,DQN
1170,-250.82083,981123.6,9.57227,2024-11-10 18:34:43.531853,DQN
1171,43.54167,853541.4,27.93431,2024-11-10 18:34:43.531853,DQN
1172,-258.20083,736458.6,22.97651,2024-11-10 18:34:43.531853,DQN
1173,-268.23333,409890.38,-15.03040,2024-11-10 18:34:43.531853,DQN
1174,-265.06333,465060.4,0.82311,2024-11-10 18:34:43.531853,DQN
1175,-255.06333,278519.6,6.79285,2024-11-10 18:34:43.531853,DQN
1176,-253.68333,316995.62,-20.33445,2024-11-10 18:34:43.531853,DQN
1177,-257.45833,410293.16,33.12324,2024-11-10 18:34:43.531853,DQN
1178,-255.06333,366065.9,15.80692,2024-11-10 18:34:43.531853,DQN
1179,-250.82083,358069.16,9.96262,2024-11-10 18:34:43.531853,DQN
1180,-284.45333,733475.0,-15.42303,2024-11-10 18:34:43.531853,DQN
1181,-284.45333,393118.8,17.40303,2024-11-10 18:34:43.531853,DQN
1182,-116.64667,649028.44,13.44606,2024-11-10 18:34:43.531853,DQN
1183,-273.45333,761228.2,-11.70974,2024-11-10 18:34:43.531853,DQN
1184,-259.23333,770332.6,17.73104,2024-11-10 18:34:43.531853,DQN
1185,-87.45833,563568.6,32.13779,2024-11-10 18:34:43.531853,DQN
1186,-266.45833,542426.6,18.11118,2024-11-10 18:34:43.531853,DQN
1187,-250.82083,406765.9,8.65901,2024-11-10 18:34:43.531853,DQN
1188,-258.20083,1215057.0,-11.73719,2024-11-10 18:34:43.531853,DQN
1189,-56.45833,662213.4,9.10473,2024-11-10 18:34:43.531853,DQN
1190,-196.45833,1723647.4,3.86977,2024-11-10 18:34:43.531853,DQN
1191,-266.06333,900917.06,44.96579,2024-11-10 18:34:43.531853,DQN
1192,-251.52333,707692.0,11.05494,2024-11-10 18:34:43.531853,DQN
1193,-267.20083,520516.5,-9.84639,2024-11-10 18:34:43.531853,DQN
1194,-258.20083,389246.0,0.36024,2024-11-10 18:34:43.531853,DQN
1195,-253.45333,947992.8,-12.85388,2024-11-10 18:34:43.531853,DQN
1196,-260.52333,644625.8,-22.15389,2024-11-10 18:34:43.531853,DQN
1197,-266.06333,758558.44,43.84230,2024-11-10 18:34:43.531853,DQN
1198,-268.23333,349570.84,-19.45806,2024-11-10 18:34:43.531853,DQN
1199,-253.68333,380174.03,-20.39598,2024-11-10 18:34:43.531853,DQN
1200,-166.45833,416434.72,16.14926,2024-11-10 18:34:43.531853,DQN
1201,-250.82083,397884.22,10.37398,2024-11-10 18:34:43.531853,DQN
1202,-266.06333,887715.1,32.31730,2024-11-10 18:34:43.531853,DQN
1203,-263.66333,637015.9,-1.02409,2024-11-10 18:34:43.531853,DQN
1204,-196.45833,461304.38,16.50569,2024-11-10 18:34:43.531853,DQN
1205,-176.45833,454542.66,0.92021,2024-11-10 18:34:43.531853,DQN
1206,-250.82083,629532.44,-4.69339,2024-11-10 18:34:43.531853,DQN
1207,-250.82083,535183.25,17.77220,2024-11-10 18:34:43.531853,DQN
1208,-259.23333,625050.75,13.63166,2024-11-10 18:34:43.531853,DQN
1209,-268.61333,508770.28,6.78284,2024-11-10 18:34:43.531853,DQN
1210,-296.45833,340418.4,4.99225,2024-11-10 18:34:43.531853,DQN
1211,43.54167,604120.9,30.85796,2024-11-10 18:34:43.531853,DQN
1212,-264.45333,516434.62,8.29209,2024-11-10 18:34:43.531853,DQN
1213,-275.00000,645387.1,-168.16205,2024-11-10 18:34:43.531853,DQN
1214,-268.23333,574660.8,-32.11772,2024-11-10 18:34:43.531853,DQN
1215,-258.20083,441292.66,-1.36945,2024-11-10 18:34:43.531853,DQN
1216,-264.45333,343323.16,5.86428,2024-11-10 18:34:43.531853,DQN
1217,-264.45333,340289.12,7.24600,2024-11-10 18:34:43.531853,DQN
1218,-251.52333,195448.52,-0.55790,2024-11-10 18:34:43.531853,DQN
1219,-266.33333,217243.4,1.00120,2024-11-10 18:34:43.531853,DQN
1220,-253.68333,528590.06,-19.50851,2024-11-10 18:34:43.531853,DQN
1221,-253.45333,437639.3,-17.87679,2024-11-10 18:34:43.531853,DQN
1222,-107.64667,715536.0,24.89533,2024-11-10 18:34:43.531853,DQN
1223,-36.45833,996211.3,23.61981,2024-11-10 18:34:43.531853,DQN
1224,-279.23333,1370765.4,-0.45412,2024-11-10 18:34:43.531853,DQN
1225,-265.06333,837099.5,4.45980,2024-11-10 18:34:43.531853,DQN
1226,-287.20083,767768.25,-12.22004,2024-11-10 18:34:43.531853,DQN
1227,-86.45833,962702.2,5.19951,2024-11-10 18:34:43.531853,DQN
1228,-258.20083,740505.1,21.75700,2024-11-10 18:34:43.531853,DQN
1229,-268.23333,621135.4,-12.41241,2024-11-10 18:34:43.531853,DQN
1230,-166.45833,331946.5,18.62822,2024-11-10 18:34:43.531853,DQN
1231,-116.64667,496124.66,0.50059,2024-11-10 18:34:43.531853,DQN
1232,-266.33333,231397.39,12.46706,2024-11-10 18:34:43.531853,DQN
1233,-264.45333,348047.4,18.31617,2024-11-10 18:34:43.531853,DQN
1234,-268.23333,263554.34,-12.37348,2024-11-10 18:34:43.531853,DQN
1235,-145.45833,275135.28,-7.74429,2024-11-10 18:34:43.531853,DQN
1236,-264.45333,321527.66,8.39421,2024-11-10 18:34:43.531853,DQN
1237,-196.45833,246561.67,18.79100,2024-11-10 18:34:43.531853,DQN
1238,-56.45833,275105.4,5.32466,2024-11-10 18:34:43.531853,DQN
1239,-116.64667,543613.6,15.14221,2024-11-10 18:34:43.531853,DQN
1240,-258.20083,870292.1,20.81152,2024-11-10 18:34:43.531853,DQN
1241,-250.82083,603974.8,8.63248,2024-11-10 18:34:43.531853,DQN
1242,-250.82083,322989.9,18.87872,2024-11-10 18:34:43.531853,DQN
1243,-264.06333,195601.9,-19.07234,2024-11-10 18:34:43.531853,DQN
1244,-196.45833,320704.84,18.69041,2024-11-10 18:34:43.531853,DQN
1245,-253.45333,515604.8,-27.45483,2024-11-10 18:34:43.531853,DQN
1246,-257.45833,622158.8,23.93788,2024-11-10 18:34:43.531853,DQN
1247,-270.23333,368678.06,30.08438,2024-11-10 18:34:43.531853,DQN
1248,-196.45833,406540.3,11.69499,2024-11-10 18:34:43.531853,DQN
1249,-259.23333,349609.16,7.83756,2024-11-10 18:34:43.531853,DQN
1250,-205.37083,285700.4,-21.50482,2024-11-10 18:34:43.531853,DQN
1251,-155.93000,408222.8,-13.23927,2024-11-10 18:34:43.531853,DQN
1252,-256.33333,865531.9,5.60755,2024-11-10 18:34:43.531853,DQN
1253,-266.45833,752485.9,10.29406,2024-11-10 18:34:43.531853,DQN
1254,-257.61333,333884.38,-15.44814,2024-11-10 18:34:43.531853,DQN
1255,-258.20083,241705.86,21.05412,2024-11-10 18:34:43.531853,DQN
1256,-271.52333,243731.25,13.20679,2024-11-10 18:34:43.531853,DQN
1257,-145.45833,263081.97,-13.40629,2024-11-10 18:34:43.531853,DQN
1258,-250.82083,298013.66,16.56920,2024-11-10 18:34:43.531853,DQN
1259,-165.45833,269574.4,-23.32494,2024-11-10 18:34:43.531853,DQN
1260,-266.45833,318093.44,9.02778,2024-11-10 18:34:43.531853,DQN
1261,-196.45833,390897.7,20.10331,2024-11-10 18:34:43.531853,DQN
1262,-284.45333,430043.9,1.16309,2024-11-10 18:34:43.531853,DQN
1263,-65.41082,112878.125,-9.99029,2024-11-10 18:34:43.531853,DQN
1264,-116.64667,289979.4,3.80972,2024-11-10 18:34:43.531853,DQN
1265,-266.45833,292626.44,14.12666,2024-11-10 18:34:43.531853,DQN
1266,-266.45833,247286.19,8.29792,2024-11-10 18:34:43.531853,DQN
1267,-115.64667,219992.97,-6.01297,2024-11-10 18:34:43.531853,DQN
1268,-165.45833,191495.69,-20.13674,2024-11-10 18:34:43.531853,DQN
1269,-176.45833,250548.66,-0.96508,2024-11-10 18:34:43.531853,DQN
1270,-196.45833,375434.97,11.27577,2024-11-10 18:34:43.531853,DQN
1271,-264.45333,454160.7,23.38949,2024-11-10 18:34:43.531853,DQN
1272,-196.45833,1018044.2,7.84520,2024-11-10 18:34:43.531853,DQN
1273,-250.82083,510671.94,8.02927,2024-11-10 18:34:43.531853,DQN
1274,-232.27333,274584.7,-29.11881,2024-11-10 18:34:43.531853,DQN
1275,-165.45833,282457.38,-20.55176,2024-11-10 18:34:43.531853,DQN
1276,-253.68333,379295.7,-19.25794,2024-11-10 18:34:43.531853,DQN
1277,-264.06333,350860.84,-21.19180,2024-11-10 18:34:43.531853,DQN
1278,-255.33333,315619.4,-20.53959,2024-11-10 18:34:43.531853,DQN
1279,-264.68333,225639.7,-2.45856,2024-11-10 18:34:43.531853,DQN
1280,-268.61333,404077.44,14.44881,2024-11-10 18:34:43.531853,DQN
1281,-266.33333,279648.7,12.67193,2024-11-10 18:34:43.531853,DQN
1282,-196.45833,319709.2,7.65468,2024-11-10 18:34:43.531853,DQN
1283,-250.82083,435637.44,9.09150,2024-11-10 18:34:43.531853,DQN
1284,-257.45833,469248.44,45.97305,2024-11-10 18:34:43.531853,DQN
1285,-116.45833,67282.414,0.41803,2024-11-10 18:34:43.531853,DQN
1286,-295.45833,250559.95,-10.51942,2024-11-10 18:34:43.531853,DQN
1287,-275.06333,80492.57,1.19614,2024-11-10 18:34:43.531853,DQN
1288,-196.45833,378794.97,9.72105,2024-11-10 18:34:43.531853,DQN
1289,-270.82083,1086939.2,-2.37221,2024-11-10 18:34:43.531853,DQN
1290,-176.45833,634180.7,9.09916,2024-11-10 18:34:43.531853,DQN
1291,-257.45833,483743.72,39.39406,2024-11-10 18:34:43.531853,DQN
1292,14.54167,383619.84,-4.00012,2024-11-10 18:34:43.531853,DQN
1293,-266.45833,411310.6,5.26864,2024-11-10 18:34:43.531853,DQN
1294,-145.45833,560341.7,-8.81611,2024-11-10 18:34:43.531853,DQN
1295,-268.23333,339161.6,-24.58075,2024-11-10 18:34:43.531853,DQN
1296,-275.45833,184284.72,-7.21256,2024-11-10 18:34:43.531853,DQN
1297,-253.45333,538024.94,-15.33583,2024-11-10 18:34:43.531853,DQN
1298,-246.33333,514304.22,14.09583,2024-11-10 18:34:43.531853,DQN
1299,-250.82083,415527.22,-5.93207,2024-11-10 18:34:43.531853,DQN
1300,-196.45833,261803.7,16.51261,2024-11-10 18:34:43.531853,DQN
1301,-264.45333,84760.23,11.59830,2024-11-10 18:34:43.531853,DQN
1302,-257.45833,76807.39,28.24866,2024-11-10 18:34:43.531853,DQN
1303,-275.00000,185737.33,-168.16205,2024-11-10 18:34:43.531853,DQN
1304,-275.00000,119468.23,-168.16205,2024-11-10 18:34:43.531853,DQN
1305,-145.45833,507475.84,-9.32766,2024-11-10 18:34:43.531853,DQN
1306,-156.45833,703446.56,2.86327,2024-11-10 18:34:43.531853,DQN
1307,-255.06333,399780.06,-11.61024,2024-11-10 18:34:43.531853,DQN
1308,-290.82083,191205.3,18.04143,2024-11-10 18:34:43.531853,DQN
1309,-136.45833,222477.62,0.58924,2024-11-10 18:34:43.531853,DQN
1310,-155.93000,141009.14,-17.11234,2024-11-10 18:34:43.531853,DQN
1311,-290.82083,97389.08,9.67714,2024-11-10 18:34:43.531853,DQN
1312,-275.00000,352704.97,-168.16205,2024-11-10 18:34:43.531853,DQN
1313,-290.82083,307527.72,5.91866,2024-11-10 18:34:43.531853,DQN
1314,-253.45333,85931.83,-15.31649,2024-11-10 18:34:43.531853,DQN
1315,-251.52333,85139.48,-13.57811,2024-11-10 18:34:43.531853,DQN
1316,-261.52333,327818.88,5.37487,2024-11-10 18:34:43.531853,DQN
1317,-56.45833,410239.12,6.99643,2024-11-10 18:34:43.531853,DQN
1318,-56.45833,368320.62,0.58270,2024-11-10 18:34:43.531853,DQN
1319,-7.45833,419856.84,40.81446,2024-11-10 18:34:43.531853,DQN
1320,-116.45833,371905.34,3.51969,2024-11-10 18:34:43.531853,DQN
1321,43.54167,523105.6,27.93431,2024-11-10 18:34:43.531853,DQN
1322,-167.45833,600700.9,25.78300,2024-11-10 18:34:43.531853,DQN
1323,-107.45833,763752.6,44.25573,2024-11-10 18:34:43.531853,DQN
1324,-195.45833,678357.3,-20.06811,2024-11-10 18:34:43.531853,DQN
1325,-116.45833,580948.0,21.24901,2024-11-10 18:34:43.531853,DQN
1326,43.54167,522998.88,27.93431,2024-11-10 18:34:43.531853,DQN
1327,14.54167,397848.25,-4.00012,2024-11-10 18:34:43.531853,DQN
1328,-116.45833,188399.38,34.53597,2024-11-10 18:34:43.531853,DQN
1329,14.54167,174740.9,-4.00012,2024-11-10 18:34:43.531853,DQN
1330,43.54167,125687.734,17.14088,2024-11-10 18:34:43.531853,DQN
1331,-166.45833,77694.734,11.25124,2024-11-10 18:34:43.531853,DQN
1332,43.54167,114009.14,17.14088,2024-11-10 18:34:43.531853,DQN
1333,-116.45833,91618.984,1.37998,2024-11-10 18:34:43.531853,DQN
1334,-250.82083,63520.895,3.35205,2024-11-10 18:34:43.531853,DQN
1335,-196.45833,101905.98,5.37220,2024-11-10 18:34:43.531853,DQN
1336,-250.82083,71010.4,23.43139,2024-11-10 18:34:43.531853,DQN
1337,-196.45833,63931.48,7.96615,2024-11-10 18:34:43.531853,DQN
1338,-165.45833,39259.33,-28.45394,2024-11-10 18:34:43.531853,DQN
1339,-195.45833,57802.742,-16.17861,2024-11-10 18:34:43.531853,DQN
1340,-250.82083,48257.58,19.12051,2024-11-10 18:34:43.531853,DQN
1341,-267.20083,65900.39,-12.05170,2024-11-10 18:34:43.531853,DQN
1342,-255.33333,181150.83,-31.16636,2024-11-10 18:34:43.531853,DQN
1343,-257.61333,262689.8,-27.49790,2024-11-10 18:34:43.531853,DQN
1344,-270.82083,65207.33,-6.81594,2024-11-10 18:34:43.531853,DQN
1345,-257.45833,79662.83,52.43975,2024-11-10 18:34:43.531853,DQN
1346,-257.61333,73441.33,-27.42771,2024-11-10 18:34:43.531853,DQN
1347,-258.20083,361824.3,21.27538,2024-11-10 18:34:43.531853,DQN
1348,-258.20083,396877.56,8.91981,2024-11-10 18:34:43.531853,DQN
1349,-270.52333,202272.06,-18.64945,2024-11-10 18:34:43.531853,DQN
1350,-248.61333,149212.31,5.64058,2024-11-10 18:34:43.531853,DQN
1351,-86.45833,179343.31,-10.10039,2024-11-10 18:34:43.531853,DQN
1352,-270.82083,326387.5,1.04784,2024-11-10 18:34:43.531853,DQN
1353,-253.45333,396225.84,-19.16424,2024-11-10 18:34:43.531853,DQN
1354,-165.45833,416175.62,-24.52594,2024-11-10 18:34:43.531853,DQN
1355,-275.00000,381900.88,-168.16205,2024-11-10 18:34:43.531853,DQN
1356,-260.52333,207744.94,-14.53437,2024-11-10 18:34:43.531853,DQN
1357,-284.45333,194981.44,7.30042,2024-11-10 18:34:43.531853,DQN
1358,-250.82083,236317.19,-3.68765,2024-11-10 18:34:43.531853,DQN
1359,-273.45333,136016.83,-12.41052,2024-11-10 18:34:43.531853,DQN
1360,-56.45833,93140.0,10.82295,2024-11-10 18:34:43.531853,DQN
1361,-262.52333,555146.5,38.85438,2024-11-10 18:34:43.531853,DQN
1362,43.54167,356675.2,17.14088,2024-11-10 18:34:43.531853,DQN
1363,43.54167,295255.06,17.14088,2024-11-10 18:34:43.531853,DQN
1364,-275.00000,257249.17,-168.16205,2024-11-10 18:34:43.531853,DQN
1365,-275.00000,107766.055,-168.16205,2024-11-10 18:34:43.531853,DQN
1366,-295.45833,283794.0,-17.66397,2024-11-10 18:34:43.531853,DQN
1367,-273.45333,223748.78,-11.14111,2024-11-10 18:34:43.531853,DQN
1368,-250.82083,158125.88,11.44672,2024-11-10 18:34:43.531853,DQN
1369,-87.45833,302380.44,30.53664,2024-11-10 18:34:43.531853,DQN
1370,-250.82083,226748.52,6.88751,2024-11-10 18:34:43.531853,DQN
1371,-165.45833,162359.61,-32.33247,2024-11-10 18:34:43.531853,DQN
1372,-266.45833,148220.25,10.71372,2024-11-10 18:34:43.531853,DQN
1373,-275.00000,132238.0,-168.16205,2024-11-10 18:34:43.531853,DQN
1374,-264.06333,140535.12,-21.53343,2024-11-10 18:34:43.531853,DQN
1375,-196.45833,149677.81,-14.07917,2024-11-10 18:34:43.531853,DQN
1376,-275.00000,272467.94,-168.16205,2024-11-10 18:34:43.531853,DQN
1377,-255.45833,224485.06,-15.15647,2024-11-10 18:34:43.531853,DQN
1378,-284.45333,215095.19,16.20907,2024-11-10 18:34:43.531853,DQN
1379,-268.23333,229198.06,-13.29860,2024-11-10 18:34:43.531853,DQN
1380,-145.45833,215690.19,-5.35321,2024-11-10 18:34:43.531853,DQN
1381,-264.45333,244119.89,-1.43189,2024-11-10 18:34:43.531853,DQN
1382,-270.82083,168908.55,11.57571,2024-11-10 18:34:43.531853,DQN
1383,-255.45833,46352.434,-25.19890,2024-11-10 18:34:43.531853,DQN
1384,-280.82083,516460.22,2.96638,2024-11-10 18:34:43.531853,DQN
1385,-260.52333,389766.7,-25.23752,2024-11-10 18:34:43.531853,DQN
1386,-275.00000,316694.44,-168.16205,2024-11-10 18:34:43.531853,DQN
1387,14.54167,316019.3,-4.00012,2024-11-10 18:34:43.531853,DQN
1388,43.54167,212863.06,27.93431,2024-11-10 18:34:43.531853,DQN
1389,14.54167,160447.14,-4.00012,2024-11-10 18:34:43.531853,DQN
1390,43.54167,161097.2,27.93431,2024-11-10 18:34:43.531853,DQN
1391,72.54167,146610.77,45.24879,2024-11-10 18:34:43.531853,DQN
1392,-6.45833,144383.52,26.59215,2024-11-10 18:34:43.531853,DQN
1393,43.54167,142898.02,27.93431,2024-11-10 18:34:43.531853,DQN
1394,-270.82083,151166.52,12.37136,2024-11-10 18:34:43.531853,DQN
1395,-252.27333,216224.58,-15.85235,2024-11-10 18:34:43.531853,DQN
1396,-196.45833,191013.56,18.45267,2024-11-10 18:34:43.531853,DQN
1397,-166.45833,173281.39,23.96905,2024-11-10 18:34:43.531853,DQN
1398,-136.45833,164460.27,19.61056,2024-11-10 18:34:43.531853,DQN
1399,-107.45833,206669.02,27.08764,2024-11-10 18:34:43.531853,DQN
1400,-248.61333,215153.77,13.74830,2024-11-10 18:34:43.531853,DQN
1401,-246.33333,364663.44,0.02405,2024-11-10 18:34:43.531853,DQN
1402,-196.45833,342279.06,17.63559,2024-11-10 18:34:43.531853,DQN
1403,-196.45833,292725.44,20.65252,2024-11-10 18:34:43.531853,DQN
1404,-255.33333,272428.7,-14.99734,2024-11-10 18:34:43.531853,DQN
1405,-258.20083,229613.42,17.26798,2024-11-10 18:34:43.531853,DQN
1406,-258.20083,216293.17,23.13171,2024-11-10 18:34:43.531853,DQN
1407,-275.00000,180449.77,-168.16205,2024-11-10 18:34:43.531853,DQN
1408,-187.45833,98007.14,34.39347,2024-11-10 18:34:43.531853,DQN
1409,-250.82083,245375.83,7.21279,2024-11-10 18:34:43.531853,DQN
1410,-198.07627,408373.94,23.52839,2024-11-10 18:34:43.531853,DQN
1411,-260.52333,657529.06,-18.68386,2024-11-10 18:34:43.531853,DQN
1412,-244.68333,469636.28,-11.68051,2024-11-10 18:34:43.531853,DQN
1413,-266.33333,404090.9,10.89244,2024-11-10 18:34:43.531853,DQN
1414,-136.45833,269792.53,-11.31316,2024-11-10 18:34:43.531853,DQN
1415,-257.61333,157173.03,-20.31855,2024-11-10 18:34:43.531853,DQN
1416,-232.27333,137528.53,-17.24034,2024-11-10 18:34:43.531853,DQN
1417,-165.45833,144036.52,-20.79780,2024-11-10 18:34:43.531853,DQN
1418,-165.45833,146533.64,-23.41544,2024-11-10 18:34:43.531853,DQN
1419,-259.23333,158074.8,16.52802,2024-11-10 18:34:43.531853,DQN
1420,-250.82083,138528.64,8.13916,2024-11-10 18:34:43.531853,DQN
1421,-165.45833,145104.78,-17.51947,2024-11-10 18:34:43.531853,DQN
1422,-136.45833,93776.4,16.40200,2024-11-10 18:34:43.531853,DQN
1423,-250.82083,151446.28,20.55399,2024-11-10 18:34:43.531853,DQN
1424,-87.45833,420064.28,38.56658,2024-11-10 18:34:43.531853,DQN
1425,-255.33333,572439.3,-21.96380,2024-11-10 18:34:43.531853,DQN
1426,-136.45833,557934.7,14.19298,2024-11-10 18:34:43.531853,DQN
1427,-251.52333,485848.3,-6.78415,2024-11-10 18:34:43.531853,DQN
1428,-250.82083,443772.44,-1.76304,2024-11-10 18:34:43.531853,DQN
1429,-257.61333,657085.56,-18.58488,2024-11-10 18:34:43.531853,DQN
1430,-85.45833,581896.8,-19.40833,2024-11-10 18:34:43.531853,DQN
1431,-176.45833,423123.2,22.55354,2024-11-10 18:34:43.531853,DQN
1432,-266.33333,207581.28,10.66416,2024-11-10 18:34:43.531853,DQN
1433,-275.00000,435620.1,-168.16205,2024-11-10 18:34:43.531853,DQN
1434,-250.82083,471444.47,7.76304,2024-11-10 18:34:43.531853,DQN
1435,-136.45833,196631.02,-5.00252,2024-11-10 18:34:43.531853,DQN
1436,-253.68333,205349.31,-27.78747,2024-11-10 18:34:43.531853,DQN
1437,-250.82083,237968.94,-10.41270,2024-11-10 18:34:43.531853,DQN
1438,-243.66333,237849.81,-12.21561,2024-11-10 18:34:43.531853,DQN
1439,-165.45833,233576.77,-26.08267,2024-11-10 18:34:43.531853,DQN
1440,-165.45833,213129.14,-13.37461,2024-11-10 18:34:43.531853,DQN
1441,-165.45833,120226.266,-17.95608,2024-11-10 18:34:43.531853,DQN
1442,-276.45833,152350.39,21.17995,2024-11-10 18:34:43.531853,DQN
1443,-250.82083,142836.52,3.87847,2024-11-10 18:34:43.531853,DQN
1444,-196.45833,150430.17,9.79431,2024-11-10 18:34:43.531853,DQN
1445,-250.82083,177718.19,11.34621,2024-11-10 18:34:43.531853,DQN
1446,-56.14030,160709.77,-12.10914,2024-11-10 18:34:43.531853,DQN
1447,-250.82083,140841.94,3.63486,2024-11-10 18:34:43.531853,DQN
1448,-255.06333,170723.67,13.61405,2024-11-10 18:34:43.531853,DQN
1449,-258.20083,128299.805,9.02515,2024-11-10 18:34:43.531853,DQN
1450,-165.45833,175284.3,-14.21977,2024-11-10 18:34:43.531853,DQN
1451,-255.45833,69285.43,-21.85840,2024-11-10 18:34:43.531853,DQN
1452,-273.45333,275358.7,-16.52316,2024-11-10 18:34:43.531853,DQN
1453,-279.23333,295905.1,-2.19842,2024-11-10 18:34:43.531853,DQN
1454,14.54167,295781.3,-4.00012,2024-11-10 18:34:43.531853,DQN
1455,-196.45833,287950.94,16.94382,2024-11-10 18:34:43.531853,DQN
1456,43.54167,219317.95,27.93431,2024-11-10 18:34:43.531853,DQN
1457,-275.06333,214557.94,7.17578,2024-11-10 18:34:43.531853,DQN
1458,-295.45833,192931.06,-21.03688,2024-11-10 18:34:43.531853,DQN
1459,-196.45833,147734.39,22.11176,2024-11-10 18:34:43.531853,DQN
1460,-253.68333,156096.77,-23.64283,2024-11-10 18:34:43.531853,DQN
1461,-165.45833,154731.39,-14.21977,2024-11-10 18:34:43.531853,DQN
1462,-165.45833,142716.52,-13.37461,2024-11-10 18:34:43.531853,DQN
1463,-266.33333,260021.05,-11.13301,2024-11-10 18:34:43.531853,DQN
1464,-290.82083,317770.56,21.00452,2024-11-10 18:34:43.531853,DQN
1465,-250.82083,284286.53,6.88751,2024-11-10 18:34:43.531853,DQN
1466,-250.82083,250112.92,-1.51881,2024-11-10 18:34:43.531853,DQN
1467,-165.45833,223193.53,-13.43539,2024-11-10 18:34:43.531853,DQN
1468,-270.82083,266012.9,6.96102,2024-11-10 18:34:43.531853,DQN
1469,-250.23333,230687.3,38.85194,2024-11-10 18:34:43.531853,DQN
1470,-250.82083,210974.05,11.98856,2024-11-10 18:34:43.531853,DQN
1471,-263.66333,209972.05,3.13760,2024-11-10 18:34:43.531853,DQN
1472,-196.45833,215335.28,22.49778,2024-11-10 18:34:43.531853,DQN
1473,-277.45833,149367.64,38.17418,2024-11-10 18:34:43.531853,DQN
1474,-250.82083,149721.27,11.56628,2024-11-10 18:34:43.531853,DQN
1475,-263.66333,135551.89,10.62049,2024-11-10 18:34:43.531853,DQN
1476,-284.45333,203695.67,-7.25267,2024-11-10 18:34:43.531853,DQN
1477,-251.52333,173670.77,-10.25097,2024-11-10 18:34:43.531853,DQN
1478,-165.45833,169062.77,-20.79780,2024-11-10 18:34:43.531853,DQN
1479,-250.82083,150474.39,0.58251,2024-11-10 18:34:43.531853,DQN
1480,-250.82083,156811.77,3.82017,2024-11-10 18:34:43.531853,DQN
1481,-275.06333,265581.44,9.86041,2024-11-10 18:34:43.531853,DQN
1482,-279.23333,282780.56,19.29865,2024-11-10 18:34:43.531853,DQN
1483,-255.45833,174973.31,-14.55966,2024-11-10 18:34:43.531853,DQN
1484,-250.82083,72589.17,8.16204,2024-11-10 18:34:43.531853,DQN
1485,-266.45833,115737.266,2.75305,2024-11-10 18:34:43.531853,DQN
1486,-255.45833,84497.36,-32.83347,2024-11-10 18:34:43.531853,DQN
1487,-270.82083,342776.16,19.16388,2024-11-10 18:34:43.531853,DQN
1488,-275.00000,145871.92,-159.34585,2024-11-10 18:34:43.531853,DQN
1489,-275.00000,207372.92,-168.16205,2024-11-10 18:34:43.531853,DQN
1490,-116.45833,150022.9,12.24215,2024-11-10 18:34:43.531853,DQN
1491,-250.82083,110763.16,-1.62095,2024-11-10 18:34:43.531853,DQN
1492,-253.45333,106358.94,-16.23730,2024-11-10 18:34:43.531853,DQN
1493,-187.45833,124767.69,28.59480,2024-11-10 18:34:43.531853,DQN
1494,-263.66333,283267.9,3.62901,2024-11-10 18:34:43.531853,DQN
1495,-250.82083,296031.53,13.19830,2024-11-10 18:34:43.531853,DQN
1496,-271.52333,281746.78,-2.19515,2024-11-10 18:34:43.531853,DQN
1497,-250.82083,280323.9,2.78970,2024-11-10 18:34:43.531853,DQN
1498,-264.68333,278902.66,10.72383,2024-11-10 18:34:43.531853,DQN
1499,-250.82083,269257.9,0.69247,2024-11-10 18:34:43.531853,DQN
